Name;English Name;Language;Language Code;ISO Language;Language-X;Country;Country Code;ISO Country;Country X;Variant;Country Code;Region;Locale ID;Locale;Code Page
;Invariant Language (Invariant Country);Invariant Language;;;1;Invariant Country;;;1;;;;Invariant Language_Invariant Country;;
aa;Afar;Afar;aa;Afar;;;;;;;;;Afar;;
aa-DJ;Afar (Djibouti);Afar;aa;Afar;;Djibouti;DJ;Djibouti;;;DJ;;Afar_Djibouti;;
aa-ER;Afar (Eritrea);Afar;aa;Afar;;Eritrea;ER;Eritrea;;;ER;;Afar_Eritrea;;
aa-ET;Afar (Ethiopia);Afar;aa;Afar;;Ethiopia;ET;Ethiopia;;;ET;;Afar_Ethiopia;;
af;Afrikaans;Afrikaans;af;Afrikaans;;;;;;;;;Afrikaans;Afrikaans_South Africa;1252
af-NA;Afrikaans (Namibia);Afrikaans;af;Afrikaans;;Namibia;NA;Namibia;;;NA;;Afrikaans_Namibia;;
af-ZA;Afrikaans (South Africa);Afrikaans;af;Afrikaans;;South Africa;ZA;South Africa;;;ZA;;Afrikaans_South Africa;Afrikaans_South Africa;1252
agq;Aghem;Aghem;agq;Aghem;;;;;;;;;Aghem;;
agq-CM;Aghem (Cameroon);Aghem;agq;Aghem;;Cameroon;CM;Cameroon;;;CM;;Aghem_Cameroon;;
ak;Akan;Akan;ak;Akan;;;;;;;;;Akan;;
ak-GH;Akan (Ghana);Akan;ak;Akan;;Ghana;GH;Ghana;;;GH;;Akan_Ghana;;
am;Amharic;Amharic;am;Amharic;;;;;;;;;Amharic;Amharic_Ethiopia;1252
am-ET;Amharic (Ethiopia);Amharic;am;Amharic;;Ethiopia;ET;Ethiopia;;;ET;;Amharic_Ethiopia;Amharic_Ethiopia;1252
ar;Arabic;Arabic;ar;Arabic;;;;;;;;;Arabic;Arabic_Saudi Arabia;1256
ar-001;Arabic (World);Arabic;ar;Arabic;;World;1;;1;;1;;Arabic_World;Arabic_World;1252
ar-AE;Arabic (United Arab Emirates);Arabic;ar;Arabic;;United Arab Emirates;AE;United Arab Emirates;;;AE;;Arabic_United Arab Emirates;Arabic_United Arab Emirates;1256
ar-BH;Arabic (Bahrain);Arabic;ar;Arabic;;Bahrain;BH;Bahrain;;;BH;;Arabic_Bahrain;Arabic_Bahrain;1256
ar-DJ;Arabic (Djibouti);Arabic;ar;Arabic;;Djibouti;DJ;Djibouti;;;DJ;;Arabic_Djibouti;;
ar-DZ;Arabic (Algeria);Arabic;ar;Arabic;;Algeria;DZ;Algeria;;;DZ;;Arabic_Algeria;Arabic_Algeria;1256
ar-EG;Arabic (Egypt);Arabic;ar;Arabic;;Egypt;EG;Egypt;;;EG;;Arabic_Egypt;Arabic_Egypt;1256
ar-ER;Arabic (Eritrea);Arabic;ar;Arabic;;Eritrea;ER;Eritrea;;;ER;;Arabic_Eritrea;Arabic_Eritrea;1252
ar-IL;Arabic (Israel);Arabic;ar;Arabic;;Israel;IL;Israel;;;IL;;Arabic_Israel;Arabic_Israel;1255
ar-IQ;Arabic (Iraq);Arabic;ar;Arabic;;Iraq;IQ;Iraq;;;IQ;;Arabic_Iraq;Arabic_Iraq;1256
ar-JO;Arabic (Jordan);Arabic;ar;Arabic;;Jordan;JO;Jordan;;;JO;;Arabic_Jordan;Arabic_Jordan;1256
ar-KM;Arabic (Comoros);Arabic;ar;Arabic;;Comoros;KM;Comoros;;;KM;;Arabic_Comoros;;
ar-KW;Arabic (Kuwait);Arabic;ar;Arabic;;Kuwait;KW;Kuwait;;;KW;;Arabic_Kuwait;Arabic_Kuwait;1256
ar-LB;Arabic (Lebanon);Arabic;ar;Arabic;;Lebanon;LB;Lebanon;;;LB;;Arabic_Lebanon;Arabic_Lebanon;1256
ar-LY;Arabic (Libya);Arabic;ar;Arabic;;Libya;LY;Libya;;;LY;;Arabic_Libya;Arabic_Libya;1256
ar-MA;Arabic (Morocco);Arabic;ar;Arabic;;Morocco;MA;Morocco;;;MA;;Arabic_Morocco;Arabic_Morocco;1256
ar-MR;Arabic (Mauritania);Arabic;ar;Arabic;;Mauritania;MR;Mauritania;;;MR;;Arabic_Mauritania;;
ar-OM;Arabic (Oman);Arabic;ar;Arabic;;Oman;OM;Oman;;;OM;;Arabic_Oman;Arabic_Oman;1256
ar-PS;Arabic (Palestinian Authority);Arabic;ar;Arabic;;Palestinian Authority;PS;Palestine, State of;1;;PS;;Arabic_Palestinian Authority;;
ar-QA;Arabic (Qatar);Arabic;ar;Arabic;;Qatar;QA;Qatar;;;QA;;Arabic_Qatar;Arabic_Qatar;1256
ar-SA;Arabic (Saudi Arabia);Arabic;ar;Arabic;;Saudi Arabia;SA;Saudi Arabia;;;SA;;Arabic_Saudi Arabia;Arabic_Saudi Arabia;1256
ar-SD;Arabic (Sudan);Arabic;ar;Arabic;;Sudan;SD;Sudan;;;SD;;Arabic_Sudan;;
ar-SO;Arabic (Somalia);Arabic;ar;Arabic;;Somalia;SO;Somalia;;;SO;;Arabic_Somalia;Arabic_Somalia;1252
ar-SS;Arabic (South Sudan);Arabic;ar;Arabic;;South Sudan;SS;South Sudan;;;SS;;Arabic_South Sudan;;
ar-SY;Arabic (Syria);Arabic;ar;Arabic;;Syria;SY;Syrian Arab Republic;1;;SY;;Arabic_Syria;Arabic_Syria;1256
ar-TD;Arabic (Chad);Arabic;ar;Arabic;;Chad;TD;Chad;;;TD;;Arabic_Chad;;
ar-TN;Arabic (Tunisia);Arabic;ar;Arabic;;Tunisia;TN;Tunisia;;;TN;;Arabic_Tunisia;Arabic_Tunisia;1256
ar-YE;Arabic (Yemen);Arabic;ar;Arabic;;Yemen;YE;Yemen;;;YE;;Arabic_Yemen;Arabic_Yemen;1256
arn;Mapuche;Mapuche;arn;Mapudungun;1;;;;;;;;Mapuche;Mapuche_Chile;1252
arn-CL;Mapuche (Chile);Mapuche;arn;Mapudungun;1;Chile;CL;Chile;;;CL;;Mapuche_Chile;Mapuche_Chile;1252
as;Assamese;Assamese;as;Assamese;;;;;;;;;Assamese;Assamese_India;1252
as-IN;Assamese (India);Assamese;as;Assamese;;India;IN;India;;;IN;;Assamese_India;Assamese_India;1252
asa;Asu;Asu;asa;Asu (Tanzania);1;;;;;;;;Asu;;
asa-TZ;Asu (Tanzania);Asu;asa;Asu (Tanzania);1;Tanzania;TZ;Tanzania, the United Republic of;1;;TZ;;Asu_Tanzania;;
ast;Asturian;Asturian;ast;Asturian;;;;;;;;;Asturian;;
ast-ES;Asturian (Spain);Asturian;ast;Asturian;;Spain;ES;Spain;;;ES;;Asturian_Spain;;
az;Azerbaijani;Azerbaijani;az;Azerbaijani;;;;;;;;;Azerbaijani;;
az-Cyrl;Azerbaijani (Cyrillic);Azerbaijani;az;Azerbaijani;;;;;;Cyrillic;;;Azerbaijani (Cyrillic);Azerbaijani (Cyrillic)_Azerbaijan;1251
az-Cyrl-AZ;Azerbaijani (Cyrillic, Azerbaijan);Azerbaijani;az;Azerbaijani;;Azerbaijan;AZ;Azerbaijan;;Cyrillic;AZ;;Azerbaijani (Cyrillic)_Azerbaijan;Azerbaijani (Cyrillic)_Azerbaijan;1251
az-Latn;Azerbaijani (Latin);Azerbaijani;az;Azerbaijani;;;;;;Latin;;;Azerbaijani (Latin);Azerbaijani (Latin)_Azerbaijan;1254
az-Latn-AZ;Azerbaijani (Latin, Azerbaijan);Azerbaijani;az;Azerbaijani;;Azerbaijan;AZ;Azerbaijan;;Latin;AZ;;Azerbaijani (Latin)_Azerbaijan;Azerbaijani (Latin)_Azerbaijan;1254
ba;Bashkir;Bashkir;ba;Bashkir;;;;;;;;;Bashkir;Bashkir_Russia;1251
ba-RU;Bashkir (Russia);Bashkir;ba;Bashkir;;Russia;RU;Russian Federation;1;;RU;;Bashkir_Russia;Bashkir_Russia;1251
bas;Basaa;Basaa;bas;Basa (Cameroon);1;;;;;;;;Basaa;;
bas-CM;Basaa (Cameroon);Basaa;bas;Basa (Cameroon);1;Cameroon;CM;Cameroon;;;CM;;Basaa_Cameroon;;
be;Belarusian;Belarusian;be;Belarusian;;;;;;;;;Belarusian;Belarusian_Belarus;1251
be-BY;Belarusian (Belarus);Belarusian;be;Belarusian;;Belarus;BY;Belarus;;;BY;;Belarusian_Belarus;Belarusian_Belarus;1251
bem;Bemba;Bemba;bem;Bemba (Zambia);1;;;;;;;;Bemba;;
bem-ZM;Bemba (Zambia);Bemba;bem;Bemba (Zambia);1;Zambia;ZM;Zambia;;;ZM;;Bemba_Zambia;;
bez;Bena;Bena;bez;Bena (Tanzania);1;;;;;;;;Bena;;
bez-TZ;Bena (Tanzania);Bena;bez;Bena (Tanzania);1;Tanzania;TZ;Tanzania, the United Republic of;1;;TZ;;Bena_Tanzania;;
bg;Bulgarian;Bulgarian;bg;Bulgarian;;;;;;;;;Bulgarian;Bulgarian_Bulgaria;1251
bg-BG;Bulgarian (Bulgaria);Bulgarian;bg;Bulgarian;;Bulgaria;BG;Bulgaria;;;BG;;Bulgarian_Bulgaria;Bulgarian_Bulgaria;1251
bm;Bamanankan;Bamanankan;bm;Bambara;1;;;;;;;;Bamanankan;;
bm-ML;Bamanankan (Mali);Bamanankan;bm;Bambara;1;Mali;ML;Mali;;;ML;;Bamanankan_Mali;;
bn;Bangla;Bangla;bn;Bengali;1;;;;;;;;Bangla;;
bn-BD;Bangla (Bangladesh);Bangla;bn;Bengali;1;Bangladesh;BD;Bangladesh;;;BD;;Bangla_Bangladesh;Bangla_Bangladesh;1252
bn-IN;Bangla (India);Bangla;bn;Bengali;1;India;IN;India;;;IN;;Bangla_India;;
bo;Tibetan;Tibetan;bo;Tibetan;;;;;;;;;Tibetan;Tibetan_China;1252
bo-CN;Tibetan (China);Tibetan;bo;Tibetan;;China;CN;China;;;CN;;Tibetan_China;Tibetan_China;1252
bo-IN;Tibetan (India);Tibetan;bo;Tibetan;;India;IN;India;;;IN;;Tibetan_India;Tibetan_India;1252
br;Breton;Breton;br;Breton;;;;;;;;;Breton;Breton_France;1252
br-FR;Breton (France);Breton;br;Breton;;France;FR;France;;;FR;;Breton_France;Breton_France;1252
brx;Bodo;Bodo;brx;Bodo (India);1;;;;;;;;Bodo;;
brx-IN;Bodo (India);Bodo;brx;Bodo (India);1;India;IN;India;;;IN;;Bodo_India;;
bs;Bosnian;Bosnian;bs;Bosnian;;;;;;;;;Bosnian;;
bs-Cyrl;Bosnian (Cyrillic);Bosnian;bs;Bosnian;;;;;;Cyrillic;;;Bosnian (Cyrillic);Bosnian (Cyrillic)_Bosnia and Herzegovina;1251
bs-Cyrl-BA;Bosnian (Cyrillic, Bosnia & Herzegovina);Bosnian;bs;Bosnian;;Bosnia & Herzegovina;BA;Bosnia and Herzegovina;1;Cyrillic;BA;;Bosnian (Cyrillic)_Bosnia & Herzegovina;Bosnian (Cyrillic)_Bosnia & Herzegovina;1250
bs-Latn;Bosnian (Latin);Bosnian;bs;Bosnian;;;;;;Latin;;;Bosnian (Latin);Bosnian (Latin)_Bosnia & Herzegovina;1250
bs-Latn-BA;Bosnian (Latin, Bosnia & Herzegovina);Bosnian;bs;Bosnian;;Bosnia & Herzegovina;BA;Bosnia and Herzegovina;1;Latin;BA;;Bosnian (Latin)_Bosnia & Herzegovina;Bosnian (Latin)_Bosnia & Herzegovina;1250
byn;Blin;Blin;byn;Bilin;1;;;;;;;;Blin;;
byn-ER;Blin (Eritrea);Blin;byn;Bilin;1;Eritrea;ER;Eritrea;;;ER;;Blin_Eritrea;;
ca;Catalan;Catalan;ca;Catalan;;;;;;;;;Catalan;Catalan_Spain;1252
ca-AD;Catalan (Andorra);Catalan;ca;Catalan;;Andorra;AD;Andorra;;;AD;;Catalan_Andorra;;
ca-ES;Catalan (Spain);Catalan;ca;Catalan;;Spain;ES;Spain;;;ES;;Catalan_Spain;Catalan_Spain;1252
ca-ES-VALENCIA;Catalan (Spain, Valencian);Catalan;ca;Catalan;;Spain, Valencian;ES;Spain;1;;ES;VALENCIA;Catalan_Spain, Valencian;Catalan_Spain;1252
ca-FR;Catalan (France);Catalan;ca;Catalan;;France;FR;France;;;FR;;Catalan_France;Catalan_France;1252
ca-IT;Catalan (Italy);Catalan;ca;Catalan;;Italy;IT;Italy;;;IT;;Catalan_Italy;Catalan_Italy;1252
ccp;Chakma;Chakma;ccp;Chakma;;;;;;;;;Chakma;;
ccp-BD;Chakma (Bangladesh);Chakma;ccp;Chakma;;Bangladesh;BD;Bangladesh;;;BD;;Chakma_Bangladesh;;
ccp-IN;Chakma (India);Chakma;ccp;Chakma;;India;IN;India;;;IN;;Chakma_India;;
ce;Chechen;Chechen;ce;Chechen;;;;;;;;;Chechen;;
ce-RU;Chechen (Russia);Chechen;ce;Chechen;;Russia;RU;Russian Federation;1;;RU;;Chechen_Russia;;
ceb;Cebuano;Cebuano;ceb;Cebuano;;;;;;;;;Cebuano;;
ceb-PH;Cebuano (Philippines);Cebuano;ceb;Cebuano;;Philippines;PH;Philippines;;;PH;;Cebuano_Philippines;;
cgg;Chiga;Chiga;cgg;Chiga;;;;;;;;;Chiga;;
cgg-UG;Chiga (Uganda);Chiga;cgg;Chiga;;Uganda;UG;Uganda;;;UG;;Chiga_Uganda;;
chr;Cherokee;Cherokee;chr;Cherokee;;;;;;;;;Cherokee;Cherokee_United States;1252
chr-US;Cherokee (United States);Cherokee;chr;Cherokee;;United States;US;United States of America;1;;US;;Cherokee_United States;Cherokee_United States;1252
ckb;Central Kurdish;Central Kurdish;ckb;Central Kurdish;;;;;;;;;Central Kurdish;Central Kurdish_Iraq;1256
ckb-IQ;Central Kurdish (Iraq);Central Kurdish;ckb;Central Kurdish;;Iraq;IQ;Iraq;;;IQ;;Central Kurdish_Iraq;Central Kurdish_Iraq;1256
ckb-IR;Central Kurdish (Iran);Central Kurdish;ckb;Central Kurdish;;Iran;IR;Iran (Islamic Republic of);1;;IR;;Central Kurdish_Iran;Central Kurdish_Iran;1256
co;Corsican;Corsican;co;Corsican;;;;;;;;;Corsican;Corsican_France;1252
co-FR;Corsican (France);Corsican;co;Corsican;;France;FR;France;;;FR;;Corsican_France;Corsican_France;1252
cs;Czech;Czech;cs;Czech;;;;;;;;;Czech;Czech_Czechia;1250
cs-CZ;Czech (Czechia);Czech;cs;Czech;;Czechia;CZ;Czechia;;;CZ;;Czech_Czechia;Czech_Czechia;1250
cu;Church Slavic;Church Slavic;cu;Church Slavic;;;;;;;;;Church Slavic;;
cu-RU;Church Slavic (Russia);Church Slavic;cu;Church Slavic;;Russia;RU;Russian Federation;1;;RU;;Church Slavic_Russia;;
cy;Welsh;Welsh;cy;Welsh;;;;;;;;;Welsh;Welsh_United Kingdom;1252
cy-GB;Welsh (United Kingdom);Welsh;cy;Welsh;;United Kingdom;GB;United Kingdom of Great Britain and Northern Ireland;1;;GB;;Welsh_United Kingdom;Welsh_United Kingdom;1252
da;Danish;Danish;da;Danish;;;;;;;;;Danish;Danish_Denmark;1252
da-DK;Danish (Denmark);Danish;da;Danish;;Denmark;DK;Denmark;;;DK;;Danish_Denmark;Danish_Denmark;1252
da-GL;Danish (Greenland);Danish;da;Danish;;Greenland;GL;Greenland;;;GL;;Danish_Greenland;Danish_Greenland;1252
dav;Taita;Taita;dav;Taita;;;;;;;;;Taita;;
dav-KE;Taita (Kenya);Taita;dav;Taita;;Kenya;KE;Kenya;;;KE;;Taita_Kenya;;
de;German;German;de;German;;;;;;;;;German;German_Germany;1252
de-AT;German (Austria);German;de;German;;Austria;AT;Austria;;;AT;;German_Austria;German_Austria;1252
de-BE;German (Belgium);German;de;German;;Belgium;BE;Belgium;;;BE;;German_Belgium;German_Belgium;1252
de-CH;German (Switzerland);German;de;German;;Switzerland;CH;Switzerland;;;CH;;German_Switzerland;German_Switzerland;1252
de-DE;German (Germany);German;de;German;;Germany;DE;Germany;;;DE;;German_Germany;German_Germany;1252
de-IT;German (Italy);German;de;German;;Italy;IT;Italy;;;IT;;German_Italy;German_Italy;1252
de-LI;German (Liechtenstein);German;de;German;;Liechtenstein;LI;Liechtenstein;;;LI;;German_Liechtenstein;German_Liechtenstein;1252
de-LU;German (Luxembourg);German;de;German;;Luxembourg;LU;Luxembourg;;;LU;;German_Luxembourg;German_Luxembourg;1252
dje;Zarma;Zarma;dje;Zarma;;;;;;;;;Zarma;;
dje-NE;Zarma (Niger);Zarma;dje;Zarma;;Niger;NE;Niger;;;NE;;Zarma_Niger;;
dsb;Lower Sorbian;Lower Sorbian;dsb;Lower Sorbian;;;;;;;;;Lower Sorbian;Lower Sorbian_Germany;1252
dsb-DE;Lower Sorbian (Germany);Lower Sorbian;dsb;Lower Sorbian;;Germany;DE;Germany;;;DE;;Lower Sorbian_Germany;Lower Sorbian_Germany;1252
dua;Duala;Duala;dua;Duala;;;;;;;;;Duala;;
dua-CM;Duala (Cameroon);Duala;dua;Duala;;Cameroon;CM;Cameroon;;;CM;;Duala_Cameroon;;
dv;Divehi;Divehi;dv;Dhivehi;1;;;;;;;;Divehi;Divehi_Maldives;1252
dv-MV;Divehi (Maldives);Divehi;dv;Dhivehi;1;Maldives;MV;Maldives;;;MV;;Divehi_Maldives;Divehi_Maldives;1252
dyo;Jola-Fonyi;Jola-Fonyi;dyo;Jola-Fonyi;;;;;;;;;Jola-Fonyi;;
dyo-SN;Jola-Fonyi (Senegal);Jola-Fonyi;dyo;Jola-Fonyi;;Senegal;SN;Senegal;;;SN;;Jola-Fonyi_Senegal;;
dz;Dzongkha;Dzongkha;dz;Dzongkha;;;;;;;;;Dzongkha;;
dz-BT;Dzongkha (Bhutan);Dzongkha;dz;Dzongkha;;Bhutan;BT;Bhutan;;;BT;;Dzongkha_Bhutan;Dzongkha_Bhutan;1252
ebu;Embu;Embu;ebu;Embu;;;;;;;;;Embu;;
ebu-KE;Embu (Kenya);Embu;ebu;Embu;;Kenya;KE;Kenya;;;KE;;Embu_Kenya;;
ee;Ewe;Ewe;ee;Ewe;;;;;;;;;Ewe;;
ee-GH;Ewe (Ghana);Ewe;ee;Ewe;;Ghana;GH;Ghana;;;GH;;Ewe_Ghana;;
ee-TG;Ewe (Togo);Ewe;ee;Ewe;;Togo;TG;Togo;;;TG;;Ewe_Togo;;
el;Greek;Greek;el;Modern Greek (1453-);1;;;;;;;;Greek;Greek_Greece;1253
el-CY;Greek (Cyprus);Greek;el;Modern Greek (1453-);1;Cyprus;CY;Cyprus;;;CY;;Greek_Cyprus;;
el-GR;Greek (Greece);Greek;el;Modern Greek (1453-);1;Greece;GR;Greece;;;GR;;Greek_Greece;Greek_Greece;1253
en;English;English;en;English;;;;;;;;;English;English_United States;1252
en-001;English (World);English;en;English;;World;1;;1;;1;;English_World;English_World;1252
en-150;English (Europe);English;en;English;;Europe;150;;1;;150;;English_Europe;;
en-AE;English (United Arab Emirates);English;en;English;;United Arab Emirates;AE;United Arab Emirates;;;AE;;English_United Arab Emirates;English_United Arab Emirates;1252
en-AG;English (Antigua & Barbuda);English;en;English;;Antigua & Barbuda;AG;Antigua and Barbuda;1;;AG;;English_Antigua & Barbuda;;
en-AI;English (Anguilla);English;en;English;;Anguilla;AI;Anguilla;;;AI;;English_Anguilla;;
en-AS;English (American Samoa);English;en;English;;American Samoa;AS;American Samoa;;;AS;;English_American Samoa;;
en-AT;English (Austria);English;en;English;;Austria;AT;Austria;;;AT;;English_Austria;English_Austria;1252
en-AU;English (Australia);English;en;English;;Australia;AU;Australia;;;AU;;English_Australia;English_Australia;1252
en-BB;English (Barbados);English;en;English;;Barbados;BB;Barbados;;;BB;;English_Barbados;;
en-BE;English (Belgium);English;en;English;;Belgium;BE;Belgium;;;BE;;English_Belgium;English_Belgium;1252
en-BI;English (Burundi);English;en;English;;Burundi;BI;Burundi;;;BI;;English_Burundi;;
en-BM;English (Bermuda);English;en;English;;Bermuda;BM;Bermuda;;;BM;;English_Bermuda;;
en-BS;English (Bahamas);English;en;English;;Bahamas;BS;Bahamas;;;BS;;English_Bahamas;;
en-BW;English (Botswana);English;en;English;;Botswana;BW;Botswana;;;BW;;English_Botswana;English_Botswana;1252
en-BZ;English (Belize);English;en;English;;Belize;BZ;Belize;;;BZ;;English_Belize;English_Belize;1252
en-CA;English (Canada);English;en;English;;Canada;CA;Canada;;;CA;;English_Canada;English_Canada;1252
en-CC;English (Cocos [Keeling] Islands);English;en;English;;Cocos [Keeling] Islands;CC;Cocos (Keeling) Islands;1;;CC;;English_Cocos [Keeling] Islands;;
en-CH;English (Switzerland);English;en;English;;Switzerland;CH;Switzerland;;;CH;;English_Switzerland;English_Switzerland;1252
en-CK;English (Cook Islands);English;en;English;;Cook Islands;CK;Cook Islands;;;CK;;English_Cook Islands;;
en-CM;English (Cameroon);English;en;English;;Cameroon;CM;Cameroon;;;CM;;English_Cameroon;English_Cameroon;1252
en-CX;English (Christmas Island);English;en;English;;Christmas Island;CX;Christmas Island;;;CX;;English_Christmas Island;;
en-CY;English (Cyprus);English;en;English;;Cyprus;CY;Cyprus;;;CY;;English_Cyprus;;
en-DE;English (Germany);English;en;English;;Germany;DE;Germany;;;DE;;English_Germany;English_Germany;1252
en-DK;English (Denmark);English;en;English;;Denmark;DK;Denmark;;;DK;;English_Denmark;English_Denmark;1252
en-DM;English (Dominica);English;en;English;;Dominica;DM;Dominica;;;DM;;English_Dominica;;
en-ER;English (Eritrea);English;en;English;;Eritrea;ER;Eritrea;;;ER;;English_Eritrea;English_Eritrea;1252
en-FI;English (Finland);English;en;English;;Finland;FI;Finland;;;FI;;English_Finland;English_Finland;1252
en-FJ;English (Fiji);English;en;English;;Fiji;FJ;Fiji;;;FJ;;English_Fiji;;
en-FK;English (Falkland Islands);English;en;English;;Falkland Islands;FK;Falkland Islands (The) [Malvinas];1;;FK;;English_Falkland Islands;;
en-FM;English (Micronesia);English;en;English;;Micronesia;FM;Micronesia (Federated States of);1;;FM;;English_Micronesia;;
en-GB;English (United Kingdom);English;en;English;;United Kingdom;GB;United Kingdom of Great Britain and Northern Ireland;1;;GB;;English_United Kingdom;English_United Kingdom;1252
en-GD;English (Grenada);English;en;English;;Grenada;GD;Grenada;;;GD;;English_Grenada;;
en-GG;English (Guernsey);English;en;English;;Guernsey;GG;Guernsey;;;GG;;English_Guernsey;;
en-GH;English (Ghana);English;en;English;;Ghana;GH;Ghana;;;GH;;English_Ghana;;
en-GI;English (Gibraltar);English;en;English;;Gibraltar;GI;Gibraltar;;;GI;;English_Gibraltar;;
en-GM;English (Gambia);English;en;English;;Gambia;GM;Gambia;;;GM;;English_Gambia;;
en-GU;English (Guam);English;en;English;;Guam;GU;Guam;;;GU;;English_Guam;;
en-GY;English (Guyana);English;en;English;;Guyana;GY;Guyana;;;GY;;English_Guyana;;
en-HK;English (Hong Kong SAR);English;en;English;;Hong Kong SAR;HK;Hong Kong;1;;HK;;English_Hong Kong SAR;English_Hong Kong SAR;1252
en-IE;English (Ireland);English;en;English;;Ireland;IE;Ireland;;;IE;;English_Ireland;English_Ireland;1252
en-IL;English (Israel);English;en;English;;Israel;IL;Israel;;;IL;;English_Israel;English_Israel;1255
en-IM;English (Isle of Man);English;en;English;;Isle of Man;IM;Isle of Man;;;IM;;English_Isle of Man;;
en-IN;English (India);English;en;English;;India;IN;India;;;IN;;English_India;English_India;1252
en-IO;English (British Indian Ocean Territory);English;en;English;;British Indian Ocean Territory;IO;British Indian Ocean Territory;;;IO;;English_British Indian Ocean Territory;;
en-JE;English (Jersey);English;en;English;;Jersey;JE;Jersey;;;JE;;English_Jersey;;
en-JM;English (Jamaica);English;en;English;;Jamaica;JM;Jamaica;;;JM;;English_Jamaica;English_Jamaica;1252
en-KE;English (Kenya);English;en;English;;Kenya;KE;Kenya;;;KE;;English_Kenya;English_Kenya;1252
en-KI;English (Kiribati);English;en;English;;Kiribati;KI;Kiribati;;;KI;;English_Kiribati;;
en-KN;English (St. Kitts & Nevis);English;en;English;;St. Kitts & Nevis;KN;Saint Kitts and Nevis;1;;KN;;English_St. Kitts & Nevis;;
en-KY;English (Cayman Islands);English;en;English;;Cayman Islands;KY;Cayman Islands;;;KY;;English_Cayman Islands;;
en-LC;English (St. Lucia);English;en;English;;St. Lucia;LC;Saint Lucia;1;;LC;;English_St. Lucia;;
en-LR;English (Liberia);English;en;English;;Liberia;LR;Liberia;;;LR;;English_Liberia;;
en-LS;English (Lesotho);English;en;English;;Lesotho;LS;Lesotho;;;LS;;English_Lesotho;;
en-MG;English (Madagascar);English;en;English;;Madagascar;MG;Madagascar;;;MG;;English_Madagascar;;
en-MH;English (Marshall Islands);English;en;English;;Marshall Islands;MH;Marshall Islands;;;MH;;English_Marshall Islands;;
en-MO;English (Macao SAR);English;en;English;;Macao SAR;MO;Macao;1;;MO;;English_Macao SAR;English_Macao SAR;950
en-MP;English (Northern Mariana Islands);English;en;English;;Northern Mariana Islands;MP;Northern Mariana Islands;;;MP;;English_Northern Mariana Islands;;
en-MS;English (Montserrat);English;en;English;;Montserrat;MS;Montserrat;;;MS;;English_Montserrat;;
en-MT;English (Malta);English;en;English;;Malta;MT;Malta;;;MT;;English_Malta;English_Malta;1252
en-MU;English (Mauritius);English;en;English;;Mauritius;MU;Mauritius;;;MU;;English_Mauritius;;
en-MW;English (Malawi);English;en;English;;Malawi;MW;Malawi;;;MW;;English_Malawi;;
en-MY;English (Malaysia);English;en;English;;Malaysia;MY;Malaysia;;;MY;;English_Malaysia;English_Malaysia;1252
en-NA;English (Namibia);English;en;English;;Namibia;NA;Namibia;;;NA;;English_Namibia;;
en-NF;English (Norfolk Island);English;en;English;;Norfolk Island;NF;Norfolk Island;;;NF;;English_Norfolk Island;;
en-NG;English (Nigeria);English;en;English;;Nigeria;NG;Nigeria;;;NG;;English_Nigeria;English_Nigeria;1252
en-NL;English (Netherlands);English;en;English;;Netherlands;NL;Netherlands (Kingdom of the);1;;NL;;English_Netherlands;English_Netherlands;1252
en-NR;English (Nauru);English;en;English;;Nauru;NR;Nauru;;;NR;;English_Nauru;;
en-NU;English (Niue);English;en;English;;Niue;NU;Niue;;;NU;;English_Niue;;
en-NZ;English (New Zealand);English;en;English;;New Zealand;NZ;New Zealand;;;NZ;;English_New Zealand;English_New Zealand;1252
en-PG;English (Papua New Guinea);English;en;English;;Papua New Guinea;PG;Papua New Guinea;;;PG;;English_Papua New Guinea;;
en-PH;English (Philippines);English;en;English;;Philippines;PH;Philippines;;;PH;;English_Philippines;English_Philippines;1252
en-PK;English (Pakistan);English;en;English;;Pakistan;PK;Pakistan;;;PK;;English_Pakistan;English_Pakistan;1256
en-PN;English (Pitcairn Islands);English;en;English;;Pitcairn Islands;PN;Pitcairn;1;;PN;;English_Pitcairn Islands;;
en-PR;English (Puerto Rico);English;en;English;;Puerto Rico;PR;Puerto Rico;;;PR;;English_Puerto Rico;English_Puerto Rico;1252
en-PW;English (Palau);English;en;English;;Palau;PW;Palau;;;PW;;English_Palau;;
en-RW;English (Rwanda);English;en;English;;Rwanda;RW;Rwanda;;;RW;;English_Rwanda;English_Rwanda;1252
en-SB;English (Solomon Islands);English;en;English;;Solomon Islands;SB;Solomon Islands;;;SB;;English_Solomon Islands;;
en-SC;English (Seychelles);English;en;English;;Seychelles;SC;Seychelles;;;SC;;English_Seychelles;;
en-SD;English (Sudan);English;en;English;;Sudan;SD;Sudan;;;SD;;English_Sudan;;
en-SE;English (Sweden);English;en;English;;Sweden;SE;Sweden;;;SE;;English_Sweden;English_Sweden;1252
en-SG;English (Singapore);English;en;English;;Singapore;SG;Singapore;;;SG;;English_Singapore;English_Singapore;1252
en-SH;English (St Helena, Ascension, Tristan da Cunha);English;en;English;;St Helena, Ascension, Tristan da Cunha;SH;Saint Helena, Ascension and Tristan da Cunha;1;;SH;;English_St Helena, Ascension, Tristan da Cunha;;
en-SI;English (Slovenia);English;en;English;;Slovenia;SI;Slovenia;;;SI;;English_Slovenia;English_Slovenia;1250
en-SL;English (Sierra Leone);English;en;English;;Sierra Leone;SL;Sierra Leone;;;SL;;English_Sierra Leone;;
en-SS;English (South Sudan);English;en;English;;South Sudan;SS;South Sudan;;;SS;;English_South Sudan;;
en-SX;English (Sint Maarten);English;en;English;;Sint Maarten;SX;Sint Maarten (Dutch part);1;;SX;;English_Sint Maarten;;
en-SZ;English (Eswatini);English;en;English;;Eswatini;SZ;Eswatini;;;SZ;;English_Eswatini;;
en-TC;English (Turks & Caicos Islands);English;en;English;;Turks & Caicos Islands;TC;Turks and Caicos Islands;1;;TC;;English_Turks & Caicos Islands;;
en-TK;English (Tokelau);English;en;English;;Tokelau;TK;Tokelau;;;TK;;English_Tokelau;;
en-TO;English (Tonga);English;en;English;;Tonga;TO;Tonga;;;TO;;English_Tonga;;
en-TT;English (Trinidad & Tobago);English;en;English;;Trinidad & Tobago;TT;Trinidad and Tobago;1;;TT;;English_Trinidad & Tobago;English_Trinidad & Tobago;1252
en-TV;English (Tuvalu);English;en;English;;Tuvalu;TV;Tuvalu;;;TV;;English_Tuvalu;;
en-TZ;English (Tanzania);English;en;English;;Tanzania;TZ;Tanzania, the United Republic of;1;;TZ;;English_Tanzania;;
en-UG;English (Uganda);English;en;English;;Uganda;UG;Uganda;;;UG;;English_Uganda;;
en-UM;English (U.S. Outlying Islands);English;en;English;;U.S. Outlying Islands;UM;United States Minor Outlying Islands;1;;UM;;English_U.S. Outlying Islands;;
en-US;English (United States);English;en;English;;United States;US;United States of America;1;;US;;English_United States;English_United States;1252
en-US-POSIX;English (United States, Computer);English;en;English;;United States, Computer;US;United States of America;1;;US;POSIX;English_United States, Computer;English_United States;1252
en-VC;English (St. Vincent & Grenadines);English;en;English;;St. Vincent & Grenadines;VC;Saint Vincent and the Grenadines;1;;VC;;English_St. Vincent & Grenadines;;
en-VG;English (British Virgin Islands);English;en;English;;British Virgin Islands;VG;Virgin Islands (British);1;;VG;;English_British Virgin Islands;;
en-VI;English (U.S. Virgin Islands);English;en;English;;U.S. Virgin Islands;VI;Virgin Islands (U.S.);1;;VI;;English_U.S. Virgin Islands;;
en-VU;English (Vanuatu);English;en;English;;Vanuatu;VU;Vanuatu;;;VU;;English_Vanuatu;;
en-WS;English (Samoa);English;en;English;;Samoa;WS;Samoa;;;WS;;English_Samoa;;
en-ZA;English (South Africa);English;en;English;;South Africa;ZA;South Africa;;;ZA;;English_South Africa;English_South Africa;1252
en-ZM;English (Zambia);English;en;English;;Zambia;ZM;Zambia;;;ZM;;English_Zambia;;
en-ZW;English (Zimbabwe);English;en;English;;Zimbabwe;ZW;Zimbabwe;;;ZW;;English_Zimbabwe;English_Zimbabwe;1252
eo;Esperanto;Esperanto;eo;Esperanto;;;;;;;;;Esperanto;;
eo-001;Esperanto (World);Esperanto;eo;Esperanto;;World;1;;1;;1;;Esperanto_World;;
es;Spanish;Spanish;es;Spanish;;;;;;;;;Spanish;Spanish_Spain;1252
es-419;Spanish (Latin America);Spanish;es;Spanish;;Latin America;419;;1;;419;;Spanish_Latin America;Spanish_Latin America;1252
es-AR;Spanish (Argentina);Spanish;es;Spanish;;Argentina;AR;Argentina;;;AR;;Spanish_Argentina;Spanish_Argentina;1252
es-BO;Spanish (Bolivia);Spanish;es;Spanish;;Bolivia;BO;Bolivia (Plurinational State of);1;;BO;;Spanish_Bolivia;Spanish_Bolivia;1252
es-BR;Spanish (Brazil);Spanish;es;Spanish;;Brazil;BR;Brazil;;;BR;;Spanish_Brazil;Spanish_Brazil;1252
es-BZ;Spanish (Belize);Spanish;es;Spanish;;Belize;BZ;Belize;;;BZ;;Spanish_Belize;Spanish_Belize;1252
es-CL;Spanish (Chile);Spanish;es;Spanish;;Chile;CL;Chile;;;CL;;Spanish_Chile;Spanish_Chile;1252
es-CO;Spanish (Colombia);Spanish;es;Spanish;;Colombia;CO;Colombia;;;CO;;Spanish_Colombia;Spanish_Colombia;1252
es-CR;Spanish (Costa Rica);Spanish;es;Spanish;;Costa Rica;CR;Costa Rica;;;CR;;Spanish_Costa Rica;Spanish_Costa Rica;1252
es-CU;Spanish (Cuba);Spanish;es;Spanish;;Cuba;CU;Cuba;;;CU;;Spanish_Cuba;Spanish_Cuba;1252
es-DO;Spanish (Dominican Republic);Spanish;es;Spanish;;Dominican Republic;DO;Dominican Republic;;;DO;;Spanish_Dominican Republic;Spanish_Dominican Republic;1252
es-EC;Spanish (Ecuador);Spanish;es;Spanish;;Ecuador;EC;Ecuador;;;EC;;Spanish_Ecuador;Spanish_Ecuador;1252
es-ES;Spanish (Spain);Spanish;es;Spanish;;Spain;ES;Spain;;;ES;;Spanish_Spain;Spanish_Spain;1252
es-GQ;Spanish (Equatorial Guinea);Spanish;es;Spanish;;Equatorial Guinea;GQ;Equatorial Guinea;;;GQ;;Spanish_Equatorial Guinea;;
es-GT;Spanish (Guatemala);Spanish;es;Spanish;;Guatemala;GT;Guatemala;;;GT;;Spanish_Guatemala;Spanish_Guatemala;1252
es-HN;Spanish (Honduras);Spanish;es;Spanish;;Honduras;HN;Honduras;;;HN;;Spanish_Honduras;Spanish_Honduras;1252
es-MX;Spanish (Mexico);Spanish;es;Spanish;;Mexico;MX;Mexico;;;MX;;Spanish_Mexico;Spanish_Mexico;1252
es-NI;Spanish (Nicaragua);Spanish;es;Spanish;;Nicaragua;NI;Nicaragua;;;NI;;Spanish_Nicaragua;Spanish_Nicaragua;1252
es-PA;Spanish (Panama);Spanish;es;Spanish;;Panama;PA;Panama;;;PA;;Spanish_Panama;Spanish_Panama;1252
es-PE;Spanish (Peru);Spanish;es;Spanish;;Peru;PE;Peru;;;PE;;Spanish_Peru;Spanish_Peru;1252
es-PH;Spanish (Philippines);Spanish;es;Spanish;;Philippines;PH;Philippines;;;PH;;Spanish_Philippines;Spanish_Philippines;1252
es-PR;Spanish (Puerto Rico);Spanish;es;Spanish;;Puerto Rico;PR;Puerto Rico;;;PR;;Spanish_Puerto Rico;Spanish_Puerto Rico;1252
es-PY;Spanish (Paraguay);Spanish;es;Spanish;;Paraguay;PY;Paraguay;;;PY;;Spanish_Paraguay;Spanish_Paraguay;1252
es-SV;Spanish (El Salvador);Spanish;es;Spanish;;El Salvador;SV;El Salvador;;;SV;;Spanish_El Salvador;Spanish_El Salvador;1252
es-US;Spanish (United States);Spanish;es;Spanish;;United States;US;United States of America;1;;US;;Spanish_United States;Spanish_United States;1252
es-UY;Spanish (Uruguay);Spanish;es;Spanish;;Uruguay;UY;Uruguay;;;UY;;Spanish_Uruguay;Spanish_Uruguay;1252
es-VE;Spanish (Venezuela);Spanish;es;Spanish;;Venezuela;VE;Venezuela (Bolivarian Republic of);1;;VE;;Spanish_Venezuela;Spanish_Venezuela;1252
et;Estonian;Estonian;et;Estonian;;;;;;;;;Estonian;Estonian_Estonia;1257
et-EE;Estonian (Estonia);Estonian;et;Estonian;;Estonia;EE;Estonia;;;EE;;Estonian_Estonia;Estonian_Estonia;1257
eu;Basque;Basque;eu;Basque;;;;;;;;;Basque;Basque_Spain;1252
eu-ES;Basque (Spain);Basque;eu;Basque;;Spain;ES;Spain;;;ES;;Basque_Spain;Basque_Spain;1252
ewo;Ewondo;Ewondo;ewo;Ewondo;;;;;;;;;Ewondo;;
ewo-CM;Ewondo (Cameroon);Ewondo;ewo;Ewondo;;Cameroon;CM;Cameroon;;;CM;;Ewondo_Cameroon;;
fa;Persian;Persian;fa;Persian;;;;;;;;;Persian;Persian_Iran;1256
fa-AF;Persian (Afghanistan);Persian;fa;Persian;;Afghanistan;AF;Afghanistan;;;AF;;Persian_Afghanistan;Persian_Afghanistan;1256
fa-IR;Persian (Iran);Persian;fa;Persian;;Iran;IR;Iran (Islamic Republic of);1;;IR;;Persian_Iran;Persian_Iran;1256
ff;Fulah;Fulah;ff;Fulah;;;;;;;;;Fulah;;
ff-Latn;Fulah (Latin);Fulah;ff;Fulah;;;;;;Latin;;;Fulah (Latin);Fulah (Latin)_Nigeria;1252
ff-Latn-BF;Fulah (Latin, Burkina Faso);Fulah;ff;Fulah;;Burkina Faso;BF;Burkina Faso;;Latin;BF;;Fulah (Latin)_Burkina Faso;;
ff-Latn-CM;Fulah (Latin, Cameroon);Fulah;ff;Fulah;;Cameroon;CM;Cameroon;;Latin;CM;;Fulah (Latin)_Cameroon;Fulah (Latin)_Cameroon;1252
ff-Latn-GH;Fulah (Latin, Ghana);Fulah;ff;Fulah;;Ghana;GH;Ghana;;Latin;GH;;Fulah (Latin)_Ghana;;
ff-Latn-GM;Fulah (Latin, Gambia);Fulah;ff;Fulah;;Gambia;GM;Gambia;;Latin;GM;;Fulah (Latin)_Gambia;;
ff-Latn-GN;Fulah (Latin, Guinea);Fulah;ff;Fulah;;Guinea;GN;Guinea;;Latin;GN;;Fulah (Latin)_Guinea;;
ff-Latn-GW;Fulah (Latin, Guinea-Bissau);Fulah;ff;Fulah;;Guinea-Bissau;GW;Guinea-Bissau;;Latin;GW;;Fulah (Latin)_Guinea-Bissau;;
ff-Latn-LR;Fulah (Latin, Liberia);Fulah;ff;Fulah;;Liberia;LR;Liberia;;Latin;LR;;Fulah (Latin)_Liberia;;
ff-Latn-MR;Fulah (Latin, Mauritania);Fulah;ff;Fulah;;Mauritania;MR;Mauritania;;Latin;MR;;Fulah (Latin)_Mauritania;;
ff-Latn-NE;Fulah (Latin, Niger);Fulah;ff;Fulah;;Niger;NE;Niger;;Latin;NE;;Fulah (Latin)_Niger;;
ff-Latn-NG;Fulah (Latin, Nigeria);Fulah;ff;Fulah;;Nigeria;NG;Nigeria;;Latin;NG;;Fulah (Latin)_Nigeria;Fulah (Latin)_Nigeria;1252
ff-Latn-SL;Fulah (Latin, Sierra Leone);Fulah;ff;Fulah;;Sierra Leone;SL;Sierra Leone;;Latin;SL;;Fulah (Latin)_Sierra Leone;;
ff-Latn-SN;Fulah (Latin, Senegal);Fulah;ff;Fulah;;Senegal;SN;Senegal;;Latin;SN;;Fulah (Latin)_Senegal;Fulah (Latin)_Senegal;1252
fi;Finnish;Finnish;fi;Finnish;;;;;;;;;Finnish;Finnish_Finland;1252
fi-FI;Finnish (Finland);Finnish;fi;Finnish;;Finland;FI;Finland;;;FI;;Finnish_Finland;Finnish_Finland;1252
fil;Filipino;Filipino;fil;Filipino;;;;;;;;;Filipino;Filipino_Philippines;1252
fil-PH;Filipino (Philippines);Filipino;fil;Filipino;;Philippines;PH;Philippines;;;PH;;Filipino_Philippines;Filipino_Philippines;1252
fo;Faroese;Faroese;fo;Faroese;;;;;;;;;Faroese;Faroese_Faroe Islands;1252
fo-DK;Faroese (Denmark);Faroese;fo;Faroese;;Denmark;DK;Denmark;;;DK;;Faroese_Denmark;Faroese_Denmark;1252
fo-FO;Faroese (Faroe Islands);Faroese;fo;Faroese;;Faroe Islands;FO;Faroe Islands;;;FO;;Faroese_Faroe Islands;Faroese_Faroe Islands;1252
fr;French;French;fr;French;;;;;;;;;French;French_France;1252
fr-BE;French (Belgium);French;fr;French;;Belgium;BE;Belgium;;;BE;;French_Belgium;French_Belgium;1252
fr-BF;French (Burkina Faso);French;fr;French;;Burkina Faso;BF;Burkina Faso;;;BF;;French_Burkina Faso;;
fr-BI;French (Burundi);French;fr;French;;Burundi;BI;Burundi;;;BI;;French_Burundi;;
fr-BJ;French (Benin);French;fr;French;;Benin;BJ;Benin;;;BJ;;French_Benin;;
fr-BL;French (St. Barthв”ңГів”¬Г¶в”¬ВЈв”ңГів”¬Г®в”¬Гүlemy);French;fr;French;;St. Barthв”ңГів”¬Г¶в”¬ВЈв”ңГів”¬Г®в”¬Гүlemy;BL;Saint Barthelemy;1;;BL;;French_St. Barthв”ңГів”¬Г¶в”¬ВЈв”ңГів”¬Г®в”¬Гүlemy;;
fr-CA;French (Canada);French;fr;French;;Canada;CA;Canada;;;CA;;French_Canada;French_Canada;1252
fr-CD;French (Congo [DRC]);French;fr;French;;Congo [DRC];CD;Congo (The Democratic Republic of the);1;;CD;;French_Congo [DRC];;
fr-CF;French (Central African Republic);French;fr;French;;Central African Republic;CF;Central African Republic;;;CF;;French_Central African Republic;;
fr-CG;French (Congo);French;fr;French;;Congo;CG;Congo;;;CG;;French_Congo;;
fr-CH;French (Switzerland);French;fr;French;;Switzerland;CH;Switzerland;;;CH;;French_Switzerland;French_Switzerland;1252
fr-CI;French (Cв”ңГів”¬Г¶в”¬ВЈв”ңГів”¬Г¶в”¬Гұte dв”ңГ„в”¬Гҙв”ңГўв”¬Г§в”ңГўв”¬Г»Ivoire);French;fr;French;;Cв”ңГів”¬Г¶в”¬ВЈв”ңГів”¬Г¶в”¬Гұte dв”ңГ„в”¬Гҙв”ңГўв”¬Г§в”ңГўв”¬Г»Ivoire;CI;Cote d'Ivoire;1;;CI;;French_Cв”ңГів”¬Г¶в”¬ВЈв”ңГів”¬Г¶в”¬Гұte dв”ңГ„в”¬Гҙв”ңГўв”¬Г§в”ңГўв”¬Г»Ivoire;;
fr-CI;French (Cв”ңГўв”¬в”Өte d'Ivoire);French;fr;French;;Cв”ңГўв”¬в”Өte d'Ivoire;CI;Cote d'Ivoire;1;;CI;;French_Cв”ңГўв”¬в”Өte d'Ivoire;;
fr-CM;French (Cameroon);French;fr;French;;Cameroon;CM;Cameroon;;;CM;;French_Cameroon;French_Cameroon;1252
fr-DJ;French (Djibouti);French;fr;French;;Djibouti;DJ;Djibouti;;;DJ;;French_Djibouti;;
fr-DZ;French (Algeria);French;fr;French;;Algeria;DZ;Algeria;;;DZ;;French_Algeria;French_Algeria;1256
fr-FR;French (France);French;fr;French;;France;FR;France;;;FR;;French_France;French_France;1252
fr-GA;French (Gabon);French;fr;French;;Gabon;GA;Gabon;;;GA;;French_Gabon;;
fr-GF;French (French Guiana);French;fr;French;;French Guiana;GF;French Guiana;;;GF;;French_French Guiana;;
fr-GN;French (Guinea);French;fr;French;;Guinea;GN;Guinea;;;GN;;French_Guinea;;
fr-GP;French (Guadeloupe);French;fr;French;;Guadeloupe;GP;Guadeloupe;;;GP;;French_Guadeloupe;;
fr-GQ;French (Equatorial Guinea);French;fr;French;;Equatorial Guinea;GQ;Equatorial Guinea;;;GQ;;French_Equatorial Guinea;;
fr-HT;French (Haiti);French;fr;French;;Haiti;HT;Haiti;;;HT;;French_Haiti;French_Haiti;1252
fr-KM;French (Comoros);French;fr;French;;Comoros;KM;Comoros;;;KM;;French_Comoros;;
fr-LU;French (Luxembourg);French;fr;French;;Luxembourg;LU;Luxembourg;;;LU;;French_Luxembourg;French_Luxembourg;1252
fr-MA;French (Morocco);French;fr;French;;Morocco;MA;Morocco;;;MA;;French_Morocco;French_Morocco;1252
fr-MC;French (Monaco);French;fr;French;;Monaco;MC;Monaco;;;MC;;French_Monaco;French_Monaco;1252
fr-MF;French (St. Martin);French;fr;French;;St. Martin;MF;Saint Martin (French part);1;;MF;;French_St. Martin;;
fr-MG;French (Madagascar);French;fr;French;;Madagascar;MG;Madagascar;;;MG;;French_Madagascar;;
fr-ML;French (Mali);French;fr;French;;Mali;ML;Mali;;;ML;;French_Mali;French_Mali;1252
fr-MQ;French (Martinique);French;fr;French;;Martinique;MQ;Martinique;;;MQ;;French_Martinique;;
fr-MR;French (Mauritania);French;fr;French;;Mauritania;MR;Mauritania;;;MR;;French_Mauritania;;
fr-MU;French (Mauritius);French;fr;French;;Mauritius;MU;Mauritius;;;MU;;French_Mauritius;;
fr-NC;French (New Caledonia);French;fr;French;;New Caledonia;NC;New Caledonia;;;NC;;French_New Caledonia;;
fr-NE;French (Niger);French;fr;French;;Niger;NE;Niger;;;NE;;French_Niger;;
fr-PF;French (French Polynesia);French;fr;French;;French Polynesia;PF;French Polynesia;;;PF;;French_French Polynesia;;
fr-PM;French (St. Pierre & Miquelon);French;fr;French;;St. Pierre & Miquelon;PM;Saint Pierre and Miquelon;1;;PM;;French_St. Pierre & Miquelon;;
fr-RE;French (Rв”ңГів”¬Г¶в”¬ВЈв”ңГів”¬Г®в”¬Гүunion);French;fr;French;;Rв”ңГів”¬Г¶в”¬ВЈв”ңГів”¬Г®в”¬Гүunion;RE;Reunion;1;;RE;;French_Rв”ңГів”¬Г¶в”¬ВЈв”ңГів”¬Г®в”¬Гүunion;;
fr-RE;French (Rв”ңГўв”¬вҢҗunion);French;fr;French;;Rв”ңГўв”¬вҢҗunion;RE;Reunion;1;;RE;;French_Rв”ңГўв”¬вҢҗunion;French_Rв”ңГўв”¬вҢҗunion;1252
fr-RW;French (Rwanda);French;fr;French;;Rwanda;RW;Rwanda;;;RW;;French_Rwanda;French_Rwanda;1252
fr-SC;French (Seychelles);French;fr;French;;Seychelles;SC;Seychelles;;;SC;;French_Seychelles;;
fr-SN;French (Senegal);French;fr;French;;Senegal;SN;Senegal;;;SN;;French_Senegal;French_Senegal;1252
fr-SY;French (Syria);French;fr;French;;Syria;SY;Syrian Arab Republic;1;;SY;;French_Syria;French_Syria;1256
fr-TD;French (Chad);French;fr;French;;Chad;TD;Chad;;;TD;;French_Chad;;
fr-TG;French (Togo);French;fr;French;;Togo;TG;Togo;;;TG;;French_Togo;;
fr-TN;French (Tunisia);French;fr;French;;Tunisia;TN;Tunisia;;;TN;;French_Tunisia;French_Tunisia;1256
fr-VU;French (Vanuatu);French;fr;French;;Vanuatu;VU;Vanuatu;;;VU;;French_Vanuatu;;
fr-WF;French (Wallis & Futuna);French;fr;French;;Wallis & Futuna;WF;Wallis and Futuna;1;;WF;;French_Wallis & Futuna;;
fr-YT;French (Mayotte);French;fr;French;;Mayotte;YT;Mayotte;;;YT;;French_Mayotte;;
fur;Friulian;Friulian;fur;Friulian;;;;;;;;;Friulian;;
fur-IT;Friulian (Italy);Friulian;fur;Friulian;;Italy;IT;Italy;;;IT;;Friulian_Italy;;
fy;Western Frisian;Western Frisian;fy;Western Frisian;;;;;;;;;Western Frisian;Western Frisian_Netherlands;1252
fy-NL;Western Frisian (Netherlands);Western Frisian;fy;Western Frisian;;Netherlands;NL;Netherlands (Kingdom of the);1;;NL;;Western Frisian_Netherlands;Western Frisian_Netherlands;1252
ga;Irish;Irish;ga;Irish;;;;;;;;;Irish;;
ga-IE;Irish (Ireland);Irish;ga;Irish;;Ireland;IE;Ireland;;;IE;;Irish_Ireland;Irish_Ireland;1252
gd;Scottish Gaelic;Scottish Gaelic;gd;Scottish Gaelic;;;;;;;;;Scottish Gaelic;Scottish Gaelic_United Kingdom;1252
gd-GB;Scottish Gaelic (United Kingdom);Scottish Gaelic;gd;Scottish Gaelic;;United Kingdom;GB;United Kingdom of Great Britain and Northern Ireland;1;;GB;;Scottish Gaelic_United Kingdom;Scottish Gaelic_United Kingdom;1252
gl;Galician;Galician;gl;Galician;;;;;;;;;Galician;Galician_Spain;1252
gl-ES;Galician (Spain);Galician;gl;Galician;;Spain;ES;Spain;;;ES;;Galician_Spain;Galician_Spain;1252
gn;Guarani;Guarani;gn;Guarani;;;;;;;;;Guarani;Guarani_Paraguay;1252
gn-PY;Guarani (Paraguay);Guarani;gn;Guarani;;Paraguay;PY;Paraguay;;;PY;;Guarani_Paraguay;Guarani_Paraguay;1252
gsw;Swiss German;Swiss German;gsw;Swiss German;;;;;;;;;Swiss German;;
gsw-CH;Swiss German (Switzerland);Swiss German;gsw;Swiss German;;Switzerland;CH;Switzerland;;;CH;;Swiss German_Switzerland;;
gsw-FR;Swiss German (France);Swiss German;gsw;Swiss German;;France;FR;France;;;FR;;Swiss German_France;;
gsw-LI;Swiss German (Liechtenstein);Swiss German;gsw;Swiss German;;Liechtenstein;LI;Liechtenstein;;;LI;;Swiss German_Liechtenstein;;
gu;Gujarati;Gujarati;gu;Gujarati;;;;;;;;;Gujarati;Gujarati_India;1252
gu-IN;Gujarati (India);Gujarati;gu;Gujarati;;India;IN;India;;;IN;;Gujarati_India;Gujarati_India;1252
guz;Gusii;Gusii;guz;Gusii;;;;;;;;;Gusii;;
guz-KE;Gusii (Kenya);Gusii;guz;Gusii;;Kenya;KE;Kenya;;;KE;;Gusii_Kenya;;
gv;Manx;Manx;gv;Manx;;;;;;;;;Manx;;
gv-IM;Manx (Isle of Man);Manx;gv;Manx;;Isle of Man;IM;Isle of Man;;;IM;;Manx_Isle of Man;;
ha;Hausa;Hausa;ha;Hausa;;;;;;;;;Hausa;;
ha-GH;Hausa (Ghana);Hausa;ha;Hausa;;Ghana;GH;Ghana;;;GH;;Hausa_Ghana;;
ha-NE;Hausa (Niger);Hausa;ha;Hausa;;Niger;NE;Niger;;;NE;;Hausa_Niger;;
ha-NG;Hausa (Nigeria);Hausa;ha;Hausa;;Nigeria;NG;Nigeria;;;NG;;Hausa_Nigeria;;
haw;Hawaiian;Hawaiian;haw;Hawaiian;;;;;;;;;Hawaiian;Hawaiian_United States;1252
haw-US;Hawaiian (United States);Hawaiian;haw;Hawaiian;;United States;US;United States of America;1;;US;;Hawaiian_United States;Hawaiian_United States;1252
he;Hebrew;Hebrew;he;Hebrew;;;;;;;;;Hebrew;Hebrew_Israel;1255
he-IL;Hebrew (Israel);Hebrew;he;Hebrew;;Israel;IL;Israel;;;IL;;Hebrew_Israel;Hebrew_Israel;1255
hi;Hindi;Hindi;hi;Hindi;;;;;;;;;Hindi;Hindi_India;1252
hi-IN;Hindi (India);Hindi;hi;Hindi;;India;IN;India;;;IN;;Hindi_India;Hindi_India;1252
hr;Croatian;Croatian;hr;Croatian;;;;;;;;;Croatian;Croatian_Croatia;1250
hr-BA;Croatian (Bosnia & Herzegovina);Croatian;hr;Croatian;;Bosnia & Herzegovina;BA;Bosnia and Herzegovina;1;;BA;;Croatian_Bosnia & Herzegovina;Croatian_Bosnia & Herzegovina;1250
hr-HR;Croatian (Croatia);Croatian;hr;Croatian;;Croatia;HR;Croatia;;;HR;;Croatian_Croatia;Croatian_Croatia;1250
hsb;Upper Sorbian;Upper Sorbian;hsb;Upper Sorbian;;;;;;;;;Upper Sorbian;Upper Sorbian_Germany;1252
hsb-DE;Upper Sorbian (Germany);Upper Sorbian;hsb;Upper Sorbian;;Germany;DE;Germany;;;DE;;Upper Sorbian_Germany;Upper Sorbian_Germany;1252
hu;Hungarian;Hungarian;hu;Hungarian;;;;;;;;;Hungarian;Hungarian_Hungary;1250
hu-HU;Hungarian (Hungary);Hungarian;hu;Hungarian;;Hungary;HU;Hungary;;;HU;;Hungarian_Hungary;Hungarian_Hungary;1250
hy;Armenian;Armenian;hy;Armenian;;;;;;;;;Armenian;Armenian_Armenia;1252
hy-AM;Armenian (Armenia);Armenian;hy;Armenian;;Armenia;AM;Armenia;;;AM;;Armenian_Armenia;Armenian_Armenia;1252
ia;Interlingua;Interlingua;ia;Interlingua (International Auxiliary Language Association);1;;;;;;;;Interlingua;;
ia-001;Interlingua (World);Interlingua;ia;Interlingua (International Auxiliary Language Association);1;World;1;;1;;1;;Interlingua_World;;
id;Indonesian;Indonesian;id;Indonesian;;;;;;;;;Indonesian;Indonesian_Indonesia;1252
id-ID;Indonesian (Indonesia);Indonesian;id;Indonesian;;Indonesia;ID;Indonesia;;;ID;;Indonesian_Indonesia;Indonesian_Indonesia;1252
ig;Igbo;Igbo;ig;Igbo;;;;;;;;;Igbo;Igbo_Nigeria;1252
ig-NG;Igbo (Nigeria);Igbo;ig;Igbo;;Nigeria;NG;Nigeria;;;NG;;Igbo_Nigeria;Igbo_Nigeria;1252
ii;Yi;Yi;ii;Sichuan Yi;1;;;;;;;;Yi;Yi_China;1252
ii-CN;Yi (China);Yi;ii;Sichuan Yi;1;China;CN;China;;;CN;;Yi_China;Yi_China;1252
is;Icelandic;Icelandic;is;Icelandic;;;;;;;;;Icelandic;Icelandic_Iceland;1252
is-IS;Icelandic (Iceland);Icelandic;is;Icelandic;;Iceland;IS;Iceland;;;IS;;Icelandic_Iceland;Icelandic_Iceland;1252
it;Italian;Italian;it;Italian;;;;;;;;;Italian;Italian_Italy;1252
it-CH;Italian (Switzerland);Italian;it;Italian;;Switzerland;CH;Switzerland;;;CH;;Italian_Switzerland;Italian_Switzerland;1252
it-IT;Italian (Italy);Italian;it;Italian;;Italy;IT;Italy;;;IT;;Italian_Italy;Italian_Italy;1252
it-SM;Italian (San Marino);Italian;it;Italian;;San Marino;SM;San Marino;;;SM;;Italian_San Marino;;
it-VA;Italian (Vatican City);Italian;it;Italian;;Vatican City;VA;Holy See;1;;VA;;Italian_Vatican City;;
iu;Inuktitut;Inuktitut;iu;Inuktitut;;;;;;;;;Inuktitut;;
iu-CA;Inuktitut (Canada);Inuktitut;iu;Inuktitut;;Canada;CA;Canada;;;CA;;Inuktitut_Canada;;
iu-Latn;Inuktitut (Latin);Inuktitut;iu;Inuktitut;;;;;;Latin;;;Inuktitut (Latin);Inuktitut (Latin)_Canada;1252
iu-Latn-CA;Inuktitut (Latin, Canada);Inuktitut;iu;Inuktitut;;Canada;CA;Canada;;Latin;CA;;Inuktitut (Latin)_Canada;Inuktitut (Latin)_Canada;1252
ja;Japanese;Japanese;ja;Japanese;;;;;;;;;Japanese;Japanese_Japan;932
ja-JP;Japanese (Japan);Japanese;ja;Japanese;;Japan;JP;Japan;;;JP;;Japanese_Japan;Japanese_Japan;932
jgo;Ngomba;Ngomba;jgo;Ngomba;;;;;;;;;Ngomba;;
jgo-CM;Ngomba (Cameroon);Ngomba;jgo;Ngomba;;Cameroon;CM;Cameroon;;;CM;;Ngomba_Cameroon;;
jmc;Machame;Machame;jmc;Machame;;;;;;;;;Machame;;
jmc-TZ;Machame (Tanzania);Machame;jmc;Machame;;Tanzania;TZ;Tanzania, the United Republic of;1;;TZ;;Machame_Tanzania;;
jv;Javanese;Javanese;jv;Javanese;;;;;;;;;Javanese;;
jv-ID;Javanese (Indonesia);Javanese;jv;Javanese;;Indonesia;ID;Indonesia;;;ID;;Javanese_Indonesia;;
ka;Georgian;Georgian;ka;Georgian;;;;;;;;;Georgian;Georgian_Georgia;1252
ka-GE;Georgian (Georgia);Georgian;ka;Georgian;;Georgia;GE;Georgia;;;GE;;Georgian_Georgia;Georgian_Georgia;1252
kab;Kabyle;Kabyle;kab;Kabyle;;;;;;;;;Kabyle;;
kab-DZ;Kabyle (Algeria);Kabyle;kab;Kabyle;;Algeria;DZ;Algeria;;;DZ;;Kabyle_Algeria;;
kam;Kamba;Kamba;kam;Kamba (Kenya);1;;;;;;;;Kamba;;
kam-KE;Kamba (Kenya);Kamba;kam;Kamba (Kenya);1;Kenya;KE;Kenya;;;KE;;Kamba_Kenya;;
kde;Makonde;Makonde;kde;Makonde;;;;;;;;;Makonde;;
kde-TZ;Makonde (Tanzania);Makonde;kde;Makonde;;Tanzania;TZ;Tanzania, the United Republic of;1;;TZ;;Makonde_Tanzania;;
kea;Kabuverdianu;Kabuverdianu;kea;Kabuverdianu;;;;;;;;;Kabuverdianu;;
kea-CV;Kabuverdianu (Cabo Verde);Kabuverdianu;kea;Kabuverdianu;;Cabo Verde;CV;Cabo Verde;;;CV;;Kabuverdianu_Cabo Verde;;
khq;Koyra Chiini;Koyra Chiini;khq;Koyra Chiini Songhay;1;;;;;;;;Koyra Chiini;;
khq-ML;Koyra Chiini (Mali);Koyra Chiini;khq;Koyra Chiini Songhay;1;Mali;ML;Mali;;;ML;;Koyra Chiini_Mali;;
ki;Kikuyu;Kikuyu;ki;Kikuyu;;;;;;;;;Kikuyu;;
ki-KE;Kikuyu (Kenya);Kikuyu;ki;Kikuyu;;Kenya;KE;Kenya;;;KE;;Kikuyu_Kenya;;
kk;Kazakh;Kazakh;kk;Kazakh;;;;;;;;;Kazakh;Kazakh_Kazakhstan;1252
kk-KZ;Kazakh (Kazakhstan);Kazakh;kk;Kazakh;;Kazakhstan;KZ;Kazakhstan;;;KZ;;Kazakh_Kazakhstan;Kazakh_Kazakhstan;1252
kkj;Kako;Kako;kkj;Kako;;;;;;;;;Kako;;
kkj-CM;Kako (Cameroon);Kako;kkj;Kako;;Cameroon;CM;Cameroon;;;CM;;Kako_Cameroon;;
kl;Kalaallisut;Kalaallisut;kl;Kalaallisut;;;;;;;;;Kalaallisut;Kalaallisut_Greenland;1252
kl-GL;Kalaallisut (Greenland);Kalaallisut;kl;Kalaallisut;;Greenland;GL;Greenland;;;GL;;Kalaallisut_Greenland;Kalaallisut_Greenland;1252
kln;Kalenjin;Kalenjin;kln;Kalenjin;;;;;;;;;Kalenjin;;
kln-KE;Kalenjin (Kenya);Kalenjin;kln;Kalenjin;;Kenya;KE;Kenya;;;KE;;Kalenjin_Kenya;;
km;Khmer;Khmer;km;Khmer;;;;;;;;;Khmer;Khmer_Cambodia;1252
km-KH;Khmer (Cambodia);Khmer;km;Khmer;;Cambodia;KH;Cambodia;;;KH;;Khmer_Cambodia;Khmer_Cambodia;1252
kn;Kannada;Kannada;kn;Kannada;;;;;;;;;Kannada;Kannada_India;1252
kn-IN;Kannada (India);Kannada;kn;Kannada;;India;IN;India;;;IN;;Kannada_India;Kannada_India;1252
ko;Korean;Korean;ko;Korean;;;;;;;;;Korean;Korean_Korea;949
ko-KP;Korean (North Korea);Korean;ko;Korean;;North Korea;KP;Korea, The Democratic People's Republic of;1;;KP;;Korean_North Korea;;
ko-KR;Korean (Korea);Korean;ko;Korean;;Korea;KR;Korea, The Republic of;1;;KR;;Korean_Korea;Korean_Korea;949
kok;Konkani;Konkani;kok;Konkani (macrolanguage);1;;;;;;;;Konkani;Konkani_India;1252
kok-IN;Konkani (India);Konkani;kok;Konkani (macrolanguage);1;India;IN;India;;;IN;;Konkani_India;Konkani_India;1252
ks;Kashmiri;Kashmiri;ks;Kashmiri;;;;;;;;;Kashmiri;;
ks-IN;Kashmiri (India);Kashmiri;ks;Kashmiri;;India;IN;India;;;IN;;Kashmiri_India;;
ksb;Shambala;Shambala;ksb;Shambala;;;;;;;;;Shambala;;
ksb-TZ;Shambala (Tanzania);Shambala;ksb;Shambala;;Tanzania;TZ;Tanzania, the United Republic of;1;;TZ;;Shambala_Tanzania;;
ksf;Bafia;Bafia;ksf;Bafia;;;;;;;;;Bafia;;
ksf-CM;Bafia (Cameroon);Bafia;ksf;Bafia;;Cameroon;CM;Cameroon;;;CM;;Bafia_Cameroon;;
ksh;Colognian;Colognian;ksh;Kolsch;1;;;;;;;;Colognian;;
ksh-DE;Colognian (Germany);Colognian;ksh;Kolsch;1;Germany;DE;Germany;;;DE;;Colognian_Germany;;
kw;Cornish;Cornish;kw;Cornish;;;;;;;;;Cornish;;
kw-GB;Cornish (United Kingdom);Cornish;kw;Cornish;;United Kingdom;GB;United Kingdom of Great Britain and Northern Ireland;1;;GB;;Cornish_United Kingdom;;
ky;Kyrgyz;Kyrgyz;ky;Kirghiz;1;;;;;;;;Kyrgyz;Kyrgyz_Kyrgyzstan;1251
ky-KG;Kyrgyz (Kyrgyzstan);Kyrgyz;ky;Kirghiz;1;Kyrgyzstan;KG;Kyrgyzstan;;;KG;;Kyrgyz_Kyrgyzstan;Kyrgyz_Kyrgyzstan;1251
lag;Langi;Langi;lag;Rangi;1;;;;;;;;Langi;;
lag-TZ;Langi (Tanzania);Langi;lag;Rangi;1;Tanzania;TZ;Tanzania, the United Republic of;1;;TZ;;Langi_Tanzania;;
lb;Luxembourgish;Luxembourgish;lb;Luxembourgish;;;;;;;;;Luxembourgish;Luxembourgish_Luxembourg;1252
lb-LU;Luxembourgish (Luxembourg);Luxembourgish;lb;Luxembourgish;;Luxembourg;LU;Luxembourg;;;LU;;Luxembourgish_Luxembourg;Luxembourgish_Luxembourg;1252
lg;Ganda;Ganda;lg;Ganda;;;;;;;;;Ganda;;
lg-UG;Ganda (Uganda);Ganda;lg;Ganda;;Uganda;UG;Uganda;;;UG;;Ganda_Uganda;;
lkt;Lakota;Lakota;lkt;Lakota;;;;;;;;;Lakota;;
lkt-US;Lakota (United States);Lakota;lkt;Lakota;;United States;US;United States of America;1;;US;;Lakota_United States;;
ln;Lingala;Lingala;ln;Lingala;;;;;;;;;Lingala;;
ln-AO;Lingala (Angola);Lingala;ln;Lingala;;Angola;AO;Angola;;;AO;;Lingala_Angola;;
ln-CD;Lingala (Congo [DRC]);Lingala;ln;Lingala;;Congo [DRC];CD;Congo (The Democratic Republic of the);1;;CD;;Lingala_Congo [DRC];;
ln-CF;Lingala (Central African Republic);Lingala;ln;Lingala;;Central African Republic;CF;Central African Republic;;;CF;;Lingala_Central African Republic;;
ln-CG;Lingala (Congo);Lingala;ln;Lingala;;Congo;CG;Congo;;;CG;;Lingala_Congo;;
lo;Lao;Lao;lo;Lao;;;;;;;;;Lao;Lao_Laos;1252
lo-LA;Lao (Laos);Lao;lo;Lao;;Laos;LA;Lao People's Democratic Republic;1;;LA;;Lao_Laos;Lao_Laos;1252
lrc;Northern Luri;Northern Luri;lrc;Northern Luri;;;;;;;;;Northern Luri;;
lrc-IQ;Northern Luri (Iraq);Northern Luri;lrc;Northern Luri;;Iraq;IQ;Iraq;;;IQ;;Northern Luri_Iraq;;
lrc-IR;Northern Luri (Iran);Northern Luri;lrc;Northern Luri;;Iran;IR;Iran (Islamic Republic of);1;;IR;;Northern Luri_Iran;;
lt;Lithuanian;Lithuanian;lt;Lithuanian;;;;;;;;;Lithuanian;Lithuanian_Lithuania;1257
lt-LT;Lithuanian (Lithuania);Lithuanian;lt;Lithuanian;;Lithuania;LT;Lithuania;;;LT;;Lithuanian_Lithuania;Lithuanian_Lithuania;1257
lu;Luba-Katanga;Luba-Katanga;lu;Luba-Katanga;;;;;;;;;Luba-Katanga;;
lu-CD;Luba-Katanga (Congo [DRC]);Luba-Katanga;lu;Luba-Katanga;;Congo [DRC];CD;Congo (The Democratic Republic of the);1;;CD;;Luba-Katanga_Congo [DRC];;
luo;Luo;Luo;luo;Luo (Kenya and Tanzania);1;;;;;;;;Luo;;
luo-KE;Luo (Kenya);Luo;luo;Luo (Kenya and Tanzania);1;Kenya;KE;Kenya;;;KE;;Luo_Kenya;;
luy;Luyia;Luyia;luy;Luyia;;;;;;;;;Luyia;;
luy-KE;Luyia (Kenya);Luyia;luy;Luyia;;Kenya;KE;Kenya;;;KE;;Luyia_Kenya;;
lv;Latvian;Latvian;lv;Latvian;;;;;;;;;Latvian;Latvian_Latvia;1257
lv-LV;Latvian (Latvia);Latvian;lv;Latvian;;Latvia;LV;Latvia;;;LV;;Latvian_Latvia;Latvian_Latvia;1257
mas;Masai;Masai;mas;Masai;;;;;;;;;Masai;;
mas-KE;Masai (Kenya);Masai;mas;Masai;;Kenya;KE;Kenya;;;KE;;Masai_Kenya;;
mas-TZ;Masai (Tanzania);Masai;mas;Masai;;Tanzania;TZ;Tanzania, the United Republic of;1;;TZ;;Masai_Tanzania;;
mer;Meru;Meru;mer;Meru;;;;;;;;;Meru;;
mer-KE;Meru (Kenya);Meru;mer;Meru;;Kenya;KE;Kenya;;;KE;;Meru_Kenya;;
mfe;Morisyen;Morisyen;mfe;Morisyen;;;;;;;;;Morisyen;;
mfe-MU;Morisyen (Mauritius);Morisyen;mfe;Morisyen;;Mauritius;MU;Mauritius;;;MU;;Morisyen_Mauritius;;
mg;Malagasy;Malagasy;mg;Malagasy;;;;;;;;;Malagasy;;
mg-MG;Malagasy (Madagascar);Malagasy;mg;Malagasy;;Madagascar;MG;Madagascar;;;MG;;Malagasy_Madagascar;;
mgh;Makhuwa-Meetto;Makhuwa-Meetto;mgh;Makhuwa-Meetto;;;;;;;;;Makhuwa-Meetto;;
mgh-MZ;Makhuwa-Meetto (Mozambique);Makhuwa-Meetto;mgh;Makhuwa-Meetto;;Mozambique;MZ;Mozambique;;;MZ;;Makhuwa-Meetto_Mozambique;;
mgo;Metaв”ңГів”¬ГІв”¬вҢҗв”ңГів”¬ГІв”¬ВҘ;Metaв”ңГів”¬ГІв”¬вҢҗв”ңГів”¬ГІв”¬ВҘ;mgo;Meta';1;;;;;;;;Metaв”ңГів”¬ГІв”¬вҢҗв”ңГів”¬ГІв”¬ВҘ;;
mgo;Meta';Meta';mgo;Meta';;;;;;;;;Meta';;
mgo-CM;Metaв”ңГів”¬ГІв”¬вҢҗв”ңГів”¬ГІв”¬ВҘ (Cameroon);Metaв”ңГів”¬ГІв”¬вҢҗв”ңГів”¬ГІв”¬ВҘ;mgo;Meta';1;Cameroon;CM;Cameroon;;;CM;;Metaв”ңГів”¬ГІв”¬вҢҗв”ңГів”¬ГІв”¬ВҘ_Cameroon;;
mgo-CM;Meta' (Cameroon);Meta';mgo;Meta';;Cameroon;CM;Cameroon;;;CM;;Meta'_Cameroon;;
mi;Maori;Maori;mi;Maori;;;;;;;;;Maori;Maori_New Zealand;1252
mi-NZ;Maori (New Zealand);Maori;mi;Maori;;New Zealand;NZ;New Zealand;;;NZ;;Maori_New Zealand;Maori_New Zealand;1252
mk;Macedonian;Macedonian;mk;Macedonian;;;;;;;;;Macedonian;Macedonian_North Macedonia;1251
mk-MK;Macedonian (North Macedonia);Macedonian;mk;Macedonian;;North Macedonia;MK;North Macedonia;;;MK;;Macedonian_North Macedonia;Macedonian_North Macedonia;1251
ml;Malayalam;Malayalam;ml;Malayalam;;;;;;;;;Malayalam;Malayalam_India;1252
ml-IN;Malayalam (India);Malayalam;ml;Malayalam;;India;IN;India;;;IN;;Malayalam_India;Malayalam_India;1252
mn;Mongolian;Mongolian;mn;Mongolian;;;;;;;;;Mongolian;Mongolian_Mongolia;1251
mn-MN;Mongolian (Mongolia);Mongolian;mn;Mongolian;;Mongolia;MN;Mongolia;;;MN;;Mongolian_Mongolia;Mongolian_Mongolia;1251
mn-Mong;Mongolian (Mongolian);Mongolian;mn;Mongolian;;;;;;Mongolian;;;Mongolian (Mongolian);;
mn-Mong-CN;Mongolian (Mongolian, China);Mongolian;mn;Mongolian;;China;CN;China;;Mongolian;CN;;Mongolian (Mongolian)_China;;
mn-Mong-MN;Mongolian (Mongolian, Mongolia);Mongolian;mn;Mongolian;;Mongolia;MN;Mongolia;;Mongolian;MN;;Mongolian (Mongolian)_Mongolia;;
moh;Mohawk;Mohawk;moh;Mohawk;;;;;;;;;Mohawk;Mohawk_Canada;1252
moh-CA;Mohawk (Canada);Mohawk;moh;Mohawk;;Canada;CA;Canada;;;CA;;Mohawk_Canada;Mohawk_Canada;1252
mr;Marathi;Marathi;mr;Marathi;;;;;;;;;Marathi;Marathi_India;1252
mr-IN;Marathi (India);Marathi;mr;Marathi;;India;IN;India;;;IN;;Marathi_India;Marathi_India;1252
ms;Malay;Malay;ms;Malay (macrolanguage);1;;;;;;;;Malay;Malay_Malaysia;1252
ms-BN;Malay (Brunei);Malay;ms;Malay (macrolanguage);1;Brunei;BN;Brunei Darussalam;1;;BN;;Malay_Brunei;Malay_Brunei;1252
ms-MY;Malay (Malaysia);Malay;ms;Malay (macrolanguage);1;Malaysia;MY;Malaysia;;;MY;;Malay_Malaysia;Malay_Malaysia;1252
ms-SG;Malay (Singapore);Malay;ms;Malay (macrolanguage);1;Singapore;SG;Singapore;;;SG;;Malay_Singapore;Malay_Singapore;1252
mt;Maltese;Maltese;mt;Maltese;;;;;;;;;Maltese;Maltese_Malta;1252
mt-MT;Maltese (Malta);Maltese;mt;Maltese;;Malta;MT;Malta;;;MT;;Maltese_Malta;Maltese_Malta;1252
mua;Mundang;Mundang;mua;Mundang;;;;;;;;;Mundang;;
mua-CM;Mundang (Cameroon);Mundang;mua;Mundang;;Cameroon;CM;Cameroon;;;CM;;Mundang_Cameroon;;
my;Burmese;Burmese;my;Burmese;;;;;;;;;Burmese;Burmese_Myanmar;1252
my-MM;Burmese (Myanmar);Burmese;my;Burmese;;Myanmar;MM;Myanmar;;;MM;;Burmese_Myanmar;Burmese_Myanmar;1252
mzn;Mazanderani;Mazanderani;mzn;Mazanderani;;;;;;;;;Mazanderani;;
mzn-IR;Mazanderani (Iran);Mazanderani;mzn;Mazanderani;;Iran;IR;Iran (Islamic Republic of);1;;IR;;Mazanderani_Iran;;
naq;Nama;Nama;naq;Khoekhoe;1;;;;;;;;Nama;;
naq-NA;Nama (Namibia);Nama;naq;Khoekhoe;1;Namibia;NA;Namibia;;;NA;;Nama_Namibia;;
nb;Norwegian Bokmв”ңГів”¬Г¶в”¬ВЈв”ңГўв”¬ГҰl;Norwegian Bokmв”ңГів”¬Г¶в”¬ВЈв”ңГўв”¬ГҰl;nb;Norwegian Bokmal;1;;;;;;;;Norwegian Bokmв”ңГів”¬Г¶в”¬ВЈв”ңГўв”¬ГҰl;;
nb;Norwegian Bokmв”ңГўв”¬Г‘l;Norwegian Bokmв”ңГўв”¬Г‘l;nb;Norwegian Bokmal;1;;;;;;;;Norwegian Bokmв”ңГўв”¬Г‘l;Norwegian Bokmв”ңГўв”¬Г‘l_Norway;1252
nb-NO;Norwegian Bokmв”ңГів”¬Г¶в”¬ВЈв”ңГўв”¬ГҰl (Norway);Norwegian Bokmв”ңГів”¬Г¶в”¬ВЈв”ңГўв”¬ГҰl;nb;Norwegian Bokmal;1;Norway;NO;Norway;;;NO;;Norwegian Bokmв”ңГів”¬Г¶в”¬ВЈв”ңГўв”¬ГҰl_Norway;;
nb-NO;Norwegian Bokmв”ңГўв”¬Г‘l (Norway);Norwegian Bokmв”ңГўв”¬Г‘l;nb;Norwegian Bokmal;1;Norway;NO;Norway;;;NO;;Norwegian Bokmв”ңГўв”¬Г‘l_Norway;Norwegian Bokmв”ңГўв”¬Г‘l_Norway;1252
nb-SJ;Norwegian Bokmв”ңГів”¬Г¶в”¬ВЈв”ңГўв”¬ГҰl (Svalbard & Jan Mayen);Norwegian Bokmв”ңГів”¬Г¶в”¬ВЈв”ңГўв”¬ГҰl;nb;Norwegian Bokmal;1;Svalbard & Jan Mayen;SJ;Svalbard and Jan Mayen;1;;SJ;;Norwegian Bokmв”ңГів”¬Г¶в”¬ВЈв”ңГўв”¬ГҰl_Svalbard & Jan Mayen;;
nb-SJ;Norwegian Bokmв”ңГўв”¬Г‘l (Svalbard & Jan Mayen);Norwegian Bokmв”ңГўв”¬Г‘l;nb;Norwegian Bokmal;1;Svalbard & Jan Mayen;SJ;Svalbard and Jan Mayen;1;;SJ;;Norwegian Bokmв”ңГўв”¬Г‘l_Svalbard & Jan Mayen;;
nd;North Ndebele;North Ndebele;nd;North Ndebele;;;;;;;;;North Ndebele;;
nd-ZW;North Ndebele (Zimbabwe);North Ndebele;nd;North Ndebele;;Zimbabwe;ZW;Zimbabwe;;;ZW;;North Ndebele_Zimbabwe;;
nds;Low German;Low German;nds;Low German;;;;;;;;;Low German;;
nds-DE;Low German (Germany);Low German;nds;Low German;;Germany;DE;Germany;;;DE;;Low German_Germany;;
nds-NL;Low German (Netherlands);Low German;nds;Low German;;Netherlands;NL;Netherlands (Kingdom of the);1;;NL;;Low German_Netherlands;;
ne;Nepali;Nepali;ne;Nepali (macrolanguage);1;;;;;;;;Nepali;Nepali_Nepal;1252
ne-IN;Nepali (India);Nepali;ne;Nepali (macrolanguage);1;India;IN;India;;;IN;;Nepali_India;Nepali_India;1252
ne-NP;Nepali (Nepal);Nepali;ne;Nepali (macrolanguage);1;Nepal;NP;Nepal;;;NP;;Nepali_Nepal;Nepali_Nepal;1252
nl;Dutch;Dutch;nl;Dutch;;;;;;;;;Dutch;Dutch_Netherlands;1252
nl-AW;Dutch (Aruba);Dutch;nl;Dutch;;Aruba;AW;Aruba;;;AW;;Dutch_Aruba;;
nl-BE;Dutch (Belgium);Dutch;nl;Dutch;;Belgium;BE;Belgium;;;BE;;Dutch_Belgium;Dutch_Belgium;1252
nl-BQ;Dutch (Bonaire, Sint Eustatius and Saba);Dutch;nl;Dutch;;Bonaire, Sint Eustatius and Saba;BQ;Bonaire, Sint Eustatius and Saba;;;BQ;;Dutch_Bonaire, Sint Eustatius and Saba;;
nl-CW;Dutch (Curaв”ңГів”¬Г¶в”¬ВЈв”ңГ©в”¬в•‘ao);Dutch;nl;Dutch;;Curaв”ңГів”¬Г¶в”¬ВЈв”ңГ©в”¬в•‘ao;CW;Curacao;1;;CW;;Dutch_Curaв”ңГів”¬Г¶в”¬ВЈв”ңГ©в”¬в•‘ao;;
nl-CW;Dutch (Curaв”ңГўв”¬Вәao);Dutch;nl;Dutch;;Curaв”ңГўв”¬Вәao;CW;Curacao;1;;CW;;Dutch_Curaв”ңГўв”¬Вәao;;
nl-NL;Dutch (Netherlands);Dutch;nl;Dutch;;Netherlands;NL;Netherlands (Kingdom of the);1;;NL;;Dutch_Netherlands;Dutch_Netherlands;1252
nl-SR;Dutch (Suriname);Dutch;nl;Dutch;;Suriname;SR;Suriname;;;SR;;Dutch_Suriname;;
nl-SX;Dutch (Sint Maarten);Dutch;nl;Dutch;;Sint Maarten;SX;Sint Maarten (Dutch part);1;;SX;;Dutch_Sint Maarten;;
nmg;Kwasio;Kwasio;nmg;Kwasio;;;;;;;;;Kwasio;;
nmg-CM;Kwasio (Cameroon);Kwasio;nmg;Kwasio;;Cameroon;CM;Cameroon;;;CM;;Kwasio_Cameroon;;
nn;Norwegian Nynorsk;Norwegian Nynorsk;nn;Norwegian Nynorsk;;;;;;;;;Norwegian Nynorsk;Norwegian-Nynorsk_Norway;1252
nn-NO;Norwegian Nynorsk (Norway);Norwegian Nynorsk;nn;Norwegian Nynorsk;;Norway;NO;Norway;;;NO;;Norwegian Nynorsk_Norway;Norwegian-Nynorsk_Norway;1252
nnh;Ngiemboon;Ngiemboon;nnh;Ngiemboon;;;;;;;;;Ngiemboon;;
nnh-CM;Ngiemboon (Cameroon);Ngiemboon;nnh;Ngiemboon;;Cameroon;CM;Cameroon;;;CM;;Ngiemboon_Cameroon;;
nqo;Nв”ңГ„в”¬Гҙв”ңГўв”¬Г§в”ңГўв”¬Г»Ko;Nв”ңГ„в”¬Гҙв”ңГўв”¬Г§в”ңГўв”¬Г»Ko;nqo;N'Ko;1;;;;;;;;Nв”ңГ„в”¬Гҙв”ңГўв”¬Г§в”ңГўв”¬Г»Ko;;
nqo;N'Ko ;N'Ko ;nqo;N'Ko;1;;;;;;;;N'Ko ;;
nqo-GN;Nв”ңГ„в”¬Гҙв”ңГўв”¬Г§в”ңГўв”¬Г»Ko (Guinea);Nв”ңГ„в”¬Гҙв”ңГўв”¬Г§в”ңГўв”¬Г»Ko;nqo;N'Ko;1;Guinea;GN;Guinea;;;GN;;Nв”ңГ„в”¬Гҙв”ңГўв”¬Г§в”ңГўв”¬Г»Ko_Guinea;;
nqo-GN;N'Ko (Guinea) ;N'Ko (Guinea) ;nqo;N'Ko;1;;GN;Guinea;1;;GN;;N'Ko (Guinea) ;;
nr;South Ndebele;South Ndebele;nr;South Ndebele;;;;;;;;;South Ndebele;;
nr-ZA;South Ndebele (South Africa);South Ndebele;nr;South Ndebele;;South Africa;ZA;South Africa;;;ZA;;South Ndebele_South Africa;;
nso;Sesotho sa Leboa;Sesotho sa Leboa;nso;Pedi;1;;;;;;;;Sesotho sa Leboa;Sesotho sa Leboa_South Africa;1252
nso-ZA;Sesotho sa Leboa (South Africa);Sesotho sa Leboa;nso;Pedi;1;South Africa;ZA;South Africa;;;ZA;;Sesotho sa Leboa_South Africa;Sesotho sa Leboa_South Africa;1252
nus;Nuer;Nuer;nus;Nuer;;;;;;;;;Nuer;;
nus-SS;Nuer (South Sudan);Nuer;nus;Nuer;;South Sudan;SS;South Sudan;;;SS;;Nuer_South Sudan;;
nyn;Nyankole;Nyankole;nyn;Nyankole;;;;;;;;;Nyankole;;
nyn-UG;Nyankole (Uganda);Nyankole;nyn;Nyankole;;Uganda;UG;Uganda;;;UG;;Nyankole_Uganda;;
oc;Occitan;Occitan;oc;Occitan (post 1500);1;;;;;;;;Occitan;Occitan_France;1252
oc-FR;Occitan (France);Occitan;oc;Occitan (post 1500);1;France;FR;France;;;FR;;Occitan_France;Occitan_France;1252
om;Oromo;Oromo;om;Oromo;;;;;;;;;Oromo;Oromo_Ethiopia;1252
om-ET;Oromo (Ethiopia);Oromo;om;Oromo;;Ethiopia;ET;Ethiopia;;;ET;;Oromo_Ethiopia;Oromo_Ethiopia;1252
om-KE;Oromo (Kenya);Oromo;om;Oromo;;Kenya;KE;Kenya;;;KE;;Oromo_Kenya;Oromo_Kenya;1252
or;Odia;Odia;or;Oriya (macrolanguage);1;;;;;;;;Odia;Odia_India;1252
or-IN;Odia (India);Odia;or;Oriya (macrolanguage);1;India;IN;India;;;IN;;Odia_India;Odia_India;1252
os;Ossetic;Ossetic;os;Ossetian;1;;;;;;;;Ossetic;;
os-GE;Ossetic (Georgia);Ossetic;os;Ossetian;1;Georgia;GE;Georgia;;;GE;;Ossetic_Georgia;;
os-RU;Ossetic (Russia);Ossetic;os;Ossetian;1;Russia;RU;Russian Federation;1;;RU;;Ossetic_Russia;;
pa;Punjabi;Punjabi;pa;Panjabi;1;;;;;;;;Punjabi;Punjabi_India;1252
pa-Arab;Punjabi (Arabic);Punjabi;pa;Panjabi;1;Arabic;Arab;;1;;Arab;;Punjabi_Arabic;;
pa-Arab-PK;Punjabi (Arabic, Pakistan);Punjabi;pa;Panjabi;1;Arabic, Pakistan;Arab;;1;;Arab;PK;Punjabi_Arabic, Pakistan;;
pa-Guru;Punjabi (Gurmukhi);Punjabi;pa;Panjabi;1;;;;;Gurmukhi;;;Punjabi (Gurmukhi);;
pa-Guru-IN;Punjabi (Gurmukhi, India);Punjabi;pa;Panjabi;1;India;IN;India;;Gurmukhi;IN;;Punjabi (Gurmukhi)_India;;
pl;Polish;Polish;pl;Polish;;;;;;;;;Polish;Polish_Poland;1250
pl-PL;Polish (Poland);Polish;pl;Polish;;Poland;PL;Poland;;;PL;;Polish_Poland;Polish_Poland;1250
prg;Prussian;Prussian;prg;Prussian;;;;;;;;;Prussian;;
prg-001;Prussian (World);Prussian;prg;Prussian;;World;1;;1;;1;;Prussian_World;;
ps;Pashto;Pashto;ps;Pushto;1;;;;;;;;Pashto;Pashto_Afghanistan;1252
ps-AF;Pashto (Afghanistan);Pashto;ps;Pushto;1;Afghanistan;AF;Afghanistan;;;AF;;Pashto_Afghanistan;Pashto_Afghanistan;1252
ps-PK;Pashto (Pakistan);Pashto;ps;Pushto;1;Pakistan;PK;Pakistan;;;PK;;Pashto_Pakistan;Pashto_Pakistan;1256
pt;Portuguese;Portuguese;pt;Portuguese;;;;;;;;;Portuguese;Portuguese_Brazil;1252
pt-AO;Portuguese (Angola);Portuguese;pt;Portuguese;;Angola;AO;Angola;;;AO;;Portuguese_Angola;;
pt-BR;Portuguese (Brazil);Portuguese;pt;Portuguese;;Brazil;BR;Brazil;;;BR;;Portuguese_Brazil;Portuguese_Brazil;1252
pt-CH;Portuguese (Switzerland);Portuguese;pt;Portuguese;;Switzerland;CH;Switzerland;;;CH;;Portuguese_Switzerland;Portuguese_Switzerland;1252
pt-CV;Portuguese (Cabo Verde);Portuguese;pt;Portuguese;;Cabo Verde;CV;Cabo Verde;;;CV;;Portuguese_Cabo Verde;;
pt-GQ;Portuguese (Equatorial Guinea);Portuguese;pt;Portuguese;;Equatorial Guinea;GQ;Equatorial Guinea;;;GQ;;Portuguese_Equatorial Guinea;;
pt-GW;Portuguese (Guinea-Bissau);Portuguese;pt;Portuguese;;Guinea-Bissau;GW;Guinea-Bissau;;;GW;;Portuguese_Guinea-Bissau;;
pt-LU;Portuguese (Luxembourg);Portuguese;pt;Portuguese;;Luxembourg;LU;Luxembourg;;;LU;;Portuguese_Luxembourg;Portuguese_Luxembourg;1252
pt-MO;Portuguese (Macao SAR);Portuguese;pt;Portuguese;;Macao SAR;MO;Macao;1;;MO;;Portuguese_Macao SAR;Portuguese_Macao SAR;950
pt-MZ;Portuguese (Mozambique);Portuguese;pt;Portuguese;;Mozambique;MZ;Mozambique;;;MZ;;Portuguese_Mozambique;;
pt-PT;Portuguese (Portugal);Portuguese;pt;Portuguese;;Portugal;PT;Portugal;;;PT;;Portuguese_Portugal;Portuguese_Portugal;1252
pt-ST;Portuguese (Sв”ңГів”¬Г¶в”¬ВЈв”ңГўв”¬в•‘o Tomв”ңГів”¬Г¶в”¬ВЈв”ңГів”¬Г®в”¬Гү & Prв”ңГів”¬Г¶в”¬ВЈв”ңГ©в”¬Гӯncipe);Portuguese;pt;Portuguese;;Sв”ңГів”¬Г¶в”¬ВЈв”ңГўв”¬в•‘o Tomв”ңГів”¬Г¶в”¬ВЈв”ңГів”¬Г®в”¬Гү & Prв”ңГів”¬Г¶в”¬ВЈв”ңГ©в”¬Гӯncipe;ST;Sao Tome and Principe;1;;ST;;Portuguese_Sв”ңГів”¬Г¶в”¬ВЈв”ңГўв”¬в•‘o Tomв”ңГів”¬Г¶в”¬ВЈв”ңГів”¬Г®в”¬Гү & Prв”ңГів”¬Г¶в”¬ВЈв”ңГ©в”¬Гӯncipe;;
pt-ST;Portuguese (Sв”ңГўв”¬Гәo Tomв”ңГўв”¬вҢҗ and Prв”ңГўв”¬ВЎncipe);Portuguese;pt;Portuguese;;Sв”ңГўв”¬Гәo Tomв”ңГўв”¬вҢҗ and Prв”ңГўв”¬ВЎncipe;ST;Sao Tome and Principe;1;;ST;;Portuguese_Sв”ңГўв”¬Гәo Tomв”ңГўв”¬вҢҗ and Prв”ңГўв”¬ВЎncipe;;
pt-TL;Portuguese (Timor-Leste);Portuguese;pt;Portuguese;;Timor-Leste;TL;Timor-Leste;;;TL;;Portuguese_Timor-Leste;;
qu;Quechua;Quechua;qu;Quechua;;;;;;;;;Quechua;Quechua_Bolivia;1252
qu-BO;Quechua (Bolivia);Quechua;qu;Quechua;;Bolivia;BO;Bolivia (Plurinational State of);1;;BO;;Quechua_Bolivia;Quechua_Bolivia;1252
qu-EC;Quechua (Ecuador);Quechua;qu;Quechua;;Ecuador;EC;Ecuador;;;EC;;Quechua_Ecuador;Quechua_Ecuador;1252
qu-PE;Quechua (Peru);Quechua;qu;Quechua;;Peru;PE;Peru;;;PE;;Quechua_Peru;Quechua_Peru;1252
quc;Kв”ңГів”¬ГІв”¬вҢҗв”ңГів”¬ГІв”¬ВҘicheв”ңГів”¬ГІв”¬вҢҗв”ңГів”¬ГІв”¬ВҘ;Kв”ңГів”¬ГІв”¬вҢҗв”ңГів”¬ГІв”¬ВҘicheв”ңГів”¬ГІв”¬вҢҗв”ңГів”¬ГІв”¬ВҘ;quc;K'iche';1;;;;;;;;Kв”ңГів”¬ГІв”¬вҢҗв”ңГів”¬ГІв”¬ВҘicheв”ңГів”¬ГІв”¬вҢҗв”ңГів”¬ГІв”¬ВҘ;;
quc;Quichв”ңГўв”¬вҢҗ;Quichв”ңГўв”¬вҢҗ;quc;K'iche';1;;;;;;;;Quichв”ңГўв”¬вҢҗ;;
quc;Kuichв”ңГўв”¬вҢҗ;Kuichв”ңГўв”¬вҢҗ;quc;K'iche';1;;;;;;;;Kuichв”ңГўв”¬вҢҗ;;
quc-GT;Kв”ңГів”¬ГІв”¬вҢҗв”ңГів”¬ГІв”¬ВҘicheв”ңГів”¬ГІв”¬вҢҗв”ңГів”¬ГІв”¬ВҘ (Guatemala);Kв”ңГів”¬ГІв”¬вҢҗв”ңГів”¬ГІв”¬ВҘicheв”ңГів”¬ГІв”¬вҢҗв”ңГів”¬ГІв”¬ВҘ;quc;K'iche';1;Guatemala;GT;Guatemala;;;GT;;Kв”ңГів”¬ГІв”¬вҢҗв”ңГів”¬ГІв”¬ВҘicheв”ңГів”¬ГІв”¬вҢҗв”ңГів”¬ГІв”¬ВҘ_Guatemala;;
quc-GT;Quichв”ңГўв”¬вҢҗ (Guatemala);Quichв”ңГўв”¬вҢҗ;quc;K'iche';1;Guatemala;GT;Guatemala;;;GT;;Quichв”ңГўв”¬вҢҗ_Guatemala;;
quc-GT;Kuichв”ңГўв”¬вҢҗ (Guatemala);Kuichв”ңГўв”¬вҢҗ;quc;K'iche';1;Guatemala;GT;Guatemala;;;GT;;Kuichв”ңГўв”¬вҢҗ_Guatemala;;
rm;Romansh;Romansh;rm;Romansh;;;;;;;;;Romansh;Romansh_Switzerland;1252
rm-CH;Romansh (Switzerland);Romansh;rm;Romansh;;Switzerland;CH;Switzerland;;;CH;;Romansh_Switzerland;Romansh_Switzerland;1252
rn;Rundi;Rundi;rn;Rundi;;;;;;;;;Rundi;;
rn-BI;Rundi (Burundi);Rundi;rn;Rundi;;Burundi;BI;Burundi;;;BI;;Rundi_Burundi;;
ro;Romanian;Romanian;ro;Romanian;;;;;;;;;Romanian;Romanian_Romania;1250
ro-MD;Romanian (Moldova);Romanian;ro;Romanian;;Moldova;MD;Moldova, The Republic of;1;;MD;;Romanian_Moldova;Romanian_Moldova;1250
ro-RO;Romanian (Romania);Romanian;ro;Romanian;;Romania;RO;Romania;;;RO;;Romanian_Romania;Romanian_Romania;1250
rof;Rombo;Rombo;rof;Rombo;;;;;;;;;Rombo;;
rof-TZ;Rombo (Tanzania);Rombo;rof;Rombo;;Tanzania;TZ;Tanzania, the United Republic of;1;;TZ;;Rombo_Tanzania;;
ru;Russian;Russian;ru;Russian;;;;;;;;;Russian;Russian_Russia;1251
ru-BY;Russian (Belarus);Russian;ru;Russian;;Belarus;BY;Belarus;;;BY;;Russian_Belarus;Russian_Belarus;1251
ru-KG;Russian (Kyrgyzstan);Russian;ru;Russian;;Kyrgyzstan;KG;Kyrgyzstan;;;KG;;Russian_Kyrgyzstan;Russian_Kyrgyzstan;1251
ru-KZ;Russian (Kazakhstan);Russian;ru;Russian;;Kazakhstan;KZ;Kazakhstan;;;KZ;;Russian_Kazakhstan;Russian_Kazakhstan;1252
ru-MD;Russian (Moldova);Russian;ru;Russian;;Moldova;MD;Moldova, The Republic of;1;;MD;;Russian_Moldova;Russian_Moldova;1251
ru-RU;Russian (Russia);Russian;ru;Russian;;Russia;RU;Russian Federation;1;;RU;;Russian_Russia;Russian_Russia;1251
ru-UA;Russian (Ukraine);Russian;ru;Russian;;Ukraine;UA;Ukraine;;;UA;;Russian_Ukraine;Russian_Ukraine;1251
rw;Kinyarwanda;Kinyarwanda;rw;Kinyarwanda;;;;;;;;;Kinyarwanda;Kinyarwanda_Rwanda;1252
rw-RW;Kinyarwanda (Rwanda);Kinyarwanda;rw;Kinyarwanda;;Rwanda;RW;Rwanda;;;RW;;Kinyarwanda_Rwanda;Kinyarwanda_Rwanda;1252
rwk;Rwa;Rwa;rwk;Rwa;;;;;;;;;Rwa;;
rwk-TZ;Rwa (Tanzania);Rwa;rwk;Rwa;;Tanzania;TZ;Tanzania, the United Republic of;1;;TZ;;Rwa_Tanzania;;
sa;Sanskrit;Sanskrit;sa;Sanskrit;;;;;;;;;Sanskrit;Sanskrit_India;1252
sa-IN;Sanskrit (India);Sanskrit;sa;Sanskrit;;India;IN;India;;;IN;;Sanskrit_India;Sanskrit_India;1252
sah;Sakha;Sakha;sah;Yakut;1;;;;;;;;Sakha;Sakha_Russia;1251
sah-RU;Sakha (Russia);Sakha;sah;Yakut;1;Russia;RU;Russian Federation;1;;RU;;Sakha_Russia;Sakha_Russia;1251
saq;Samburu;Samburu;saq;Samburu;;;;;;;;;Samburu;;
saq-KE;Samburu (Kenya);Samburu;saq;Samburu;;Kenya;KE;Kenya;;;KE;;Samburu_Kenya;;
sbp;Sangu;Sangu;sbp;Sangu (Tanzania);1;;;;;;;;Sangu;;
sbp-TZ;Sangu (Tanzania);Sangu;sbp;Sangu (Tanzania);1;Tanzania;TZ;Tanzania, the United Republic of;1;;TZ;;Sangu_Tanzania;;
sd;Sindhi;Sindhi;sd;Sindhi;;;;;;;;;Sindhi;;
sd-PK;Sindhi (Pakistan);Sindhi;sd;Sindhi;;Pakistan;PK;Pakistan;;;PK;;Sindhi_Pakistan;Sindhi_Pakistan;1256
se;Northern Sami;Northern Sami;se;Northern Sami;;;;;;;;;Northern Sami;Northern Sami_Norway;1252
se-FI;Northern Sami (Finland);Northern Sami;se;Northern Sami;;Finland;FI;Finland;;;FI;;Northern Sami_Finland;Northern Sami_Finland;1252
se-NO;Northern Sami (Norway);Northern Sami;se;Northern Sami;;Norway;NO;Norway;;;NO;;Northern Sami_Norway;Northern Sami_Norway;1252
se-SE;Northern Sami (Sweden);Northern Sami;se;Northern Sami;;Sweden;SE;Sweden;;;SE;;Northern Sami_Sweden;Northern Sami_Sweden;1252
seh;Sena;Sena;seh;Sena;;;;;;;;;Sena;;
seh-MZ;Sena (Mozambique);Sena;seh;Sena;;Mozambique;MZ;Mozambique;;;MZ;;Sena_Mozambique;;
ses;Koyraboro Senni;Koyraboro Senni;ses;Koyraboro Senni Songhai;1;;;;;;;;Koyraboro Senni;;
ses-ML;Koyraboro Senni (Mali);Koyraboro Senni;ses;Koyraboro Senni Songhai;1;Mali;ML;Mali;;;ML;;Koyraboro Senni_Mali;;
sg;Sango;Sango;sg;Sango;;;;;;;;;Sango;;
sg-CF;Sango (Central African Republic);Sango;sg;Sango;;Central African Republic;CF;Central African Republic;;;CF;;Sango_Central African Republic;;
shi;Tachelhit;Tachelhit;shi;Tachelhit;;;;;;;;;Tachelhit;;
shi-Latn;Tachelhit (Latin);Tachelhit;shi;Tachelhit;;;;;;Latin;;;Tachelhit (Latin);;
shi-Latn-MA;Tachelhit (Latin, Morocco);Tachelhit;shi;Tachelhit;;Morocco;MA;Morocco;;Latin;MA;;Tachelhit (Latin)_Morocco;;
shi-Tfng;Tachelhit (Tifinagh);Tachelhit;shi;Tachelhit;;;;;;Tifinagh;;;Tachelhit (Tifinagh);;
shi-Tfng-MA;Tachelhit (Tifinagh, Morocco);Tachelhit;shi;Tachelhit;;Morocco;MA;Morocco;;Tifinagh;MA;;Tachelhit (Tifinagh)_Morocco;;
si;Sinhala;Sinhala;si;Sinhala;;;;;;;;;Sinhala;Sinhala_Sri Lanka;1252
si-LK;Sinhala (Sri Lanka);Sinhala;si;Sinhala;;Sri Lanka;LK;Sri Lanka;;;LK;;Sinhala_Sri Lanka;Sinhala_Sri Lanka;1252
sk;Slovak;Slovak;sk;Slovak;;;;;;;;;Slovak;Slovak_Slovakia;1250
sk-SK;Slovak (Slovakia);Slovak;sk;Slovak;;Slovakia;SK;Slovakia;;;SK;;Slovak_Slovakia;Slovak_Slovakia;1250
sl;Slovenian;Slovenian;sl;Slovenian;;;;;;;;;Slovenian;Slovenian_Slovenia;1250
sl-SI;Slovenian (Slovenia);Slovenian;sl;Slovenian;;Slovenia;SI;Slovenia;;;SI;;Slovenian_Slovenia;Slovenian_Slovenia;1250
sma;Southern Sami;Southern Sami;sma;Southern Sami;;;;;;;;;Southern Sami;;
sma-NO;Southern Sami (Norway);Southern Sami;sma;Southern Sami;;Norway;NO;Norway;;;NO;;Southern Sami_Norway;;
sma-SE;Southern Sami (Sweden);Southern Sami;sma;Southern Sami;;Sweden;SE;Sweden;;;SE;;Southern Sami_Sweden;;
smj;Lule Sami;Lule Sami;smj;Lule Sami;;;;;;;;;Lule Sami;;
smj-NO;Lule Sami (Norway);Lule Sami;smj;Lule Sami;;Norway;NO;Norway;;;NO;;Lule Sami_Norway;;
smj-SE;Lule Sami (Sweden);Lule Sami;smj;Lule Sami;;Sweden;SE;Sweden;;;SE;;Lule Sami_Sweden;;
smn;Inari Sami;Inari Sami;smn;Inari Sami;;;;;;;;;Inari Sami;;
smn-FI;Inari Sami (Finland);Inari Sami;smn;Inari Sami;;Finland;FI;Finland;;;FI;;Inari Sami_Finland;;
sms;Skolt Sami;Skolt Sami;sms;Skolt Sami;;;;;;;;;Skolt Sami;;
sms-FI;Skolt Sami (Finland);Skolt Sami;sms;Skolt Sami;;Finland;FI;Finland;;;FI;;Skolt Sami_Finland;;
sn;Shona;Shona;sn;Shona;;;;;;;;;Shona;;
sn-ZW;Shona (Zimbabwe);Shona;sn;Shona;;Zimbabwe;ZW;Zimbabwe;;;ZW;;Shona_Zimbabwe;;
so;Somali;Somali;so;Somali;;;;;;;;;Somali;Somali_Somalia;1252
so-DJ;Somali (Djibouti);Somali;so;Somali;;Djibouti;DJ;Djibouti;;;DJ;;Somali_Djibouti;;
so-ET;Somali (Ethiopia);Somali;so;Somali;;Ethiopia;ET;Ethiopia;;;ET;;Somali_Ethiopia;Somali_Ethiopia;1252
so-KE;Somali (Kenya);Somali;so;Somali;;Kenya;KE;Kenya;;;KE;;Somali_Kenya;Somali_Kenya;1252
so-SO;Somali (Somalia);Somali;so;Somali;;Somalia;SO;Somalia;;;SO;;Somali_Somalia;Somali_Somalia;1252
sq;Albanian;Albanian;sq;Albanian;;;;;;;;;Albanian;Albanian_Albania;1250
sq-AL;Albanian (Albania);Albanian;sq;Albanian;;Albania;AL;Albania;;;AL;;Albanian_Albania;Albanian_Albania;1250
sq-MK;Albanian (North Macedonia);Albanian;sq;Albanian;;North Macedonia;MK;North Macedonia;;;MK;;Albanian_North Macedonia;Albanian_North Macedonia;1251
sq-XK;Albanian (Kosovo);Albanian;sq;Albanian;;Kosovo;XK;;1;;XK;;Albanian_Kosovo;;
sr;Serbian;Serbian;sr;Serbian;;;;;;;;;Serbian;;
sr-Cyrl;Serbian (Cyrillic);Serbian;sr;Serbian;;;;;;Cyrillic;;;Serbian (Cyrillic);Serbian (Cyrillic)_Bosnia and Herzegovina;1251
sr-Cyrl-BA;Serbian (Cyrillic, Bosnia & Herzegovina);Serbian;sr;Serbian;;Bosnia & Herzegovina;BA;Bosnia and Herzegovina;1;Cyrillic;BA;;Serbian (Cyrillic)_Bosnia & Herzegovina;Serbian (Cyrillic)_Bosnia & Herzegovina;1250
sr-Cyrl-ME;Serbian (Cyrillic, Montenegro);Serbian;sr;Serbian;;Montenegro;ME;Montenegro;;Cyrillic;ME;;Serbian (Cyrillic)_Montenegro;Serbian (Cyrillic)_Montenegro;1251
sr-Cyrl-RS;Serbian (Cyrillic, Serbia);Serbian;sr;Serbian;;Serbia;RS;Serbia;;Cyrillic;RS;;Serbian (Cyrillic)_Serbia;Serbian (Cyrillic)_Serbia;1251
sr-Cyrl-XK;Serbian (Cyrillic, Kosovo);Serbian;sr;Serbian;;Kosovo;XK;;1;Cyrillic;XK;;Serbian (Cyrillic)_Kosovo;;
sr-Latn;Serbian (Latin);Serbian;sr;Serbian;;;;;;Latin;;;Serbian (Latin);Serbian (Latin)_Bosnia & Herzegovina;1250
sr-Latn-BA;Serbian (Latin, Bosnia & Herzegovina);Serbian;sr;Serbian;;Bosnia & Herzegovina;BA;Bosnia and Herzegovina;1;Latin;BA;;Serbian (Latin)_Bosnia & Herzegovina;Serbian (Latin)_Bosnia & Herzegovina;1250
sr-Latn-ME;Serbian (Latin, Montenegro);Serbian;sr;Serbian;;Montenegro;ME;Montenegro;;Latin;ME;;Serbian (Latin)_Montenegro;Serbian (Latin)_Montenegro;1250
sr-Latn-RS;Serbian (Latin, Serbia);Serbian;sr;Serbian;;Serbia;RS;Serbia;;Latin;RS;;Serbian (Latin)_Serbia;Serbian (Latin)_Serbia;1250
sr-Latn-XK;Serbian (Latin, Kosovo);Serbian;sr;Serbian;;Kosovo;XK;;1;Latin;XK;;Serbian (Latin)_Kosovo;;
ss;siSwati;siSwati;ss;Swati;1;;;;;;;;siSwati;;
ss-SZ;siSwati (Eswatini);siSwati;ss;Swati;1;Eswatini;SZ;Eswatini;;;SZ;;siSwati_Eswatini;;
ss-ZA;siSwati (South Africa);siSwati;ss;Swati;1;South Africa;ZA;South Africa;;;ZA;;siSwati_South Africa;;
ssy;Saho;Saho;ssy;Saho;;;;;;;;;Saho;;
ssy-ER;Saho (Eritrea);Saho;ssy;Saho;;Eritrea;ER;Eritrea;;;ER;;Saho_Eritrea;;
st;Sesotho;Sesotho;st;Southern Sotho;1;;;;;;;;Sesotho;Sesotho_South Africa;1252
st-LS;Sesotho (Lesotho);Sesotho;st;Southern Sotho;1;Lesotho;LS;Lesotho;;;LS;;Sesotho_Lesotho;;
st-ZA;Sesotho (South Africa);Sesotho;st;Southern Sotho;1;South Africa;ZA;South Africa;;;ZA;;Sesotho_South Africa;Sesotho_South Africa;1252
sv;Swedish;Swedish;sv;Swedish;;;;;;;;;Swedish;Swedish_Sweden;1252
sv-AX;Swedish (в”ңГів”¬Г¶в”¬ВЈв”ңГўв”¬ГЎland Islands);Swedish;sv;Swedish;;в”ңГів”¬Г¶в”¬ВЈв”ңГўв”¬ГЎland Islands;AX;Aland Islands;1;;AX;;Swedish_в”ңГів”¬Г¶в”¬ВЈв”ңГўв”¬ГЎland Islands;;
sv-FI;Swedish (Finland);Swedish;sv;Swedish;;Finland;FI;Finland;;;FI;;Swedish_Finland;Swedish_Finland;1252
sv-SE;Swedish (Sweden);Swedish;sv;Swedish;;Sweden;SE;Sweden;;;SE;;Swedish_Sweden;Swedish_Sweden;1252
sw;Kiswahili;Kiswahili;sw;Swahili (macrolanguage);1;;;;;;;;Kiswahili;Kiswahili_Kenya;1252
sw-CD;Kiswahili (Congo [DRC]);Kiswahili;sw;Swahili (macrolanguage);1;Congo [DRC];CD;Congo (The Democratic Republic of the);1;;CD;;Kiswahili_Congo [DRC];;
sw-KE;Kiswahili (Kenya);Kiswahili;sw;Swahili (macrolanguage);1;Kenya;KE;Kenya;;;KE;;Kiswahili_Kenya;Kiswahili_Kenya;1252
sw-TZ;Kiswahili (Tanzania);Kiswahili;sw;Swahili (macrolanguage);1;Tanzania;TZ;Tanzania, the United Republic of;1;;TZ;;Kiswahili_Tanzania;;
sw-UG;Kiswahili (Uganda);Kiswahili;sw;Swahili (macrolanguage);1;Uganda;UG;Uganda;;;UG;;Kiswahili_Uganda;;
syr;Syriac;Syriac;syr;Syriac;;;;;;;;;Syriac;Syriac_Syria;1252
syr-SY;Syriac (Syria);Syriac;syr;Syriac;;Syria;SY;Syrian Arab Republic;1;;SY;;Syriac_Syria;Syriac_Syria;1252
ta;Tamil;Tamil;ta;Tamil;;;;;;;;;Tamil;Tamil_India;1252
ta-IN;Tamil (India);Tamil;ta;Tamil;;India;IN;India;;;IN;;Tamil_India;Tamil_India;1252
ta-LK;Tamil (Sri Lanka);Tamil;ta;Tamil;;Sri Lanka;LK;Sri Lanka;;;LK;;Tamil_Sri Lanka;Tamil_Sri Lanka;1252
ta-MY;Tamil (Malaysia);Tamil;ta;Tamil;;Malaysia;MY;Malaysia;;;MY;;Tamil_Malaysia;Tamil_Malaysia;1252
ta-SG;Tamil (Singapore);Tamil;ta;Tamil;;Singapore;SG;Singapore;;;SG;;Tamil_Singapore;Tamil_Singapore;1252
te;Telugu;Telugu;te;Telugu;;;;;;;;;Telugu;Telugu_India;1252
te-IN;Telugu (India);Telugu;te;Telugu;;India;IN;India;;;IN;;Telugu_India;Telugu_India;1252
teo;Teso;Teso;teo;Teso;;;;;;;;;Teso;;
teo-KE;Teso (Kenya);Teso;teo;Teso;;Kenya;KE;Kenya;;;KE;;Teso_Kenya;;
teo-UG;Teso (Uganda);Teso;teo;Teso;;Uganda;UG;Uganda;;;UG;;Teso_Uganda;;
tg;Tajik;Tajik;tg;Tajik;;;;;;;;;Tajik;;
tg-TJ;Tajik (Tajikistan);Tajik;tg;Tajik;;Tajikistan;TJ;Tajikistan;;;TJ;;Tajik_Tajikistan;;
th;Thai;Thai;th;Thai;;;;;;;;;Thai;Thai_Thailand;874
th-TH;Thai (Thailand);Thai;th;Thai;;Thailand;TH;Thailand;;;TH;;Thai_Thailand;Thai_Thailand;874
ti;Tigrinya;Tigrinya;ti;Tigrinya;;;;;;;;;Tigrinya;Tigrinya_Ethiopia;1252
ti-ER;Tigrinya (Eritrea);Tigrinya;ti;Tigrinya;;Eritrea;ER;Eritrea;;;ER;;Tigrinya_Eritrea;Tigrinya_Eritrea;1252
ti-ET;Tigrinya (Ethiopia);Tigrinya;ti;Tigrinya;;Ethiopia;ET;Ethiopia;;;ET;;Tigrinya_Ethiopia;Tigrinya_Ethiopia;1252
tig;Tigre;Tigre;tig;Tigre;;;;;;;;;Tigre;;
tig-ER;Tigre (Eritrea);Tigre;tig;Tigre;;Eritrea;ER;Eritrea;;;ER;;Tigre_Eritrea;;
tk;Turkmen;Turkmen;tk;Turkmen;;;;;;;;;Turkmen;Turkmen_Turkmenistan;1250
tk-TM;Turkmen (Turkmenistan);Turkmen;tk;Turkmen;;Turkmenistan;TM;Turkmenistan;;;TM;;Turkmen_Turkmenistan;Turkmen_Turkmenistan;1250
tn;Setswana;Setswana;tn;Tswana;1;;;;;;;;Setswana;Setswana_South Africa;1252
tn-BW;Setswana (Botswana);Setswana;tn;Tswana;1;Botswana;BW;Botswana;;;BW;;Setswana_Botswana;Setswana_Botswana;1252
tn-ZA;Setswana (South Africa);Setswana;tn;Tswana;1;South Africa;ZA;South Africa;;;ZA;;Setswana_South Africa;Setswana_South Africa;1252
to;Tongan;Tongan;to;Tonga (Tonga Islands);1;;;;;;;;Tongan;;
to-TO;Tongan (Tonga);Tongan;to;Tonga (Tonga Islands);1;Tonga;TO;Tonga;;;TO;;Tongan_Tonga;;
tr;Turkish;Turkish;tr;Turkish;;;;;;;;;Turkish;Turkish_Turkey;1254
tr-CY;Turkish (Cyprus);Turkish;tr;Turkish;;Cyprus;CY;Cyprus;;;CY;;Turkish_Cyprus;;
tr-TR;Turkish (Turkey);Turkish;tr;Turkish;;Turkey;TR;Turkiye;1;;TR;;Turkish_Turkey;Turkish_Turkey;1254
ts;Xitsonga;Xitsonga;ts;Tsonga;1;;;;;;;;Xitsonga;Xitsonga_South Africa;1252
ts-ZA;Xitsonga (South Africa);Xitsonga;ts;Tsonga;1;South Africa;ZA;South Africa;;;ZA;;Xitsonga_South Africa;Xitsonga_South Africa;1252
tt;Tatar;Tatar;tt;Tatar;;;;;;;;;Tatar;Tatar_Russia;1251
tt-RU;Tatar (Russia);Tatar;tt;Tatar;;Russia;RU;Russian Federation;1;;RU;;Tatar_Russia;Tatar_Russia;1251
twq;Tasawaq;Tasawaq;twq;Tasawaq;;;;;;;;;Tasawaq;;
twq-NE;Tasawaq (Niger);Tasawaq;twq;Tasawaq;;Niger;NE;Niger;;;NE;;Tasawaq_Niger;;
tzm;Central Atlas Tamazight;Central Atlas Tamazight;tzm;Central Atlas Tamazight;;;;;;;;;Central Atlas Tamazight;;
tzm-MA;Central Atlas Tamazight (Morocco);Central Atlas Tamazight;tzm;Central Atlas Tamazight;;Morocco;MA;Morocco;;;MA;;Central Atlas Tamazight_Morocco;;
ug;Uyghur;Uyghur;ug;Uighur;1;;;;;;;;Uyghur;Uyghur_China;1256
ug-CN;Uyghur (China);Uyghur;ug;Uighur;1;China;CN;China;;;CN;;Uyghur_China;Uyghur_China;1256
uk;Ukrainian;Ukrainian;uk;Ukrainian;;;;;;;;;Ukrainian;Ukrainian_Ukraine;1251
uk-UA;Ukrainian (Ukraine);Ukrainian;uk;Ukrainian;;Ukraine;UA;Ukraine;;;UA;;Ukrainian_Ukraine;Ukrainian_Ukraine;1251
ur;Urdu;Urdu;ur;Urdu;;;;;;;;;Urdu;Urdu_Pakistan;1256
ur-IN;Urdu (India);Urdu;ur;Urdu;;India;IN;India;;;IN;;Urdu_India;Urdu_India;1256
ur-PK;Urdu (Pakistan);Urdu;ur;Urdu;;Pakistan;PK;Pakistan;;;PK;;Urdu_Pakistan;Urdu_Pakistan;1256
uz;Uzbek;Uzbek;uz;Uzbek;;;;;;;;;Uzbek;;
uz-Arab;Uzbek (Arabic);Uzbek;uz;Uzbek;;Arabic;Arab;;1;;Arab;;Uzbek_Arabic;;
uz-Arab-AF;Uzbek (Arabic, Afghanistan);Uzbek;uz;Uzbek;;Arabic, Afghanistan;Arab;;1;;Arab;AF;Uzbek_Arabic, Afghanistan;;
uz-Cyrl;Uzbek (Cyrillic);Uzbek;uz;Uzbek;;;;;;Cyrillic;;;Uzbek (Cyrillic);Uzbek (Cyrillic)_Uzbekistan;1251
uz-Cyrl-UZ;Uzbek (Cyrillic, Uzbekistan);Uzbek;uz;Uzbek;;Uzbekistan;UZ;Uzbekistan;;Cyrillic;UZ;;Uzbek (Cyrillic)_Uzbekistan;Uzbek (Cyrillic)_Uzbekistan;1251
uz-Latn;Uzbek (Latin);Uzbek;uz;Uzbek;;;;;;Latin;;;Uzbek (Latin);Uzbek (Latin)_Uzbekistan;1254
uz-Latn-UZ;Uzbek (Latin, Uzbekistan);Uzbek;uz;Uzbek;;Uzbekistan;UZ;Uzbekistan;;Latin;UZ;;Uzbek (Latin)_Uzbekistan;Uzbek (Latin)_Uzbekistan;1254
vai;Vai;Vai;vai;Vai;;;;;;;;;Vai;;
vai-Latn;Vai (Latin);Vai;vai;Vai;;;;;;Latin;;;Vai (Latin);;
vai-Latn-LR;Vai (Latin, Liberia);Vai;vai;Vai;;Liberia;LR;Liberia;;Latin;LR;;Vai (Latin)_Liberia;;
vai-Vaii;Vai (Vai);Vai;vai;Vai;;;;;;Vai;;;Vai (Vai);;
vai-Vaii-LR;Vai (Vai, Liberia);Vai;vai;Vai;;Liberia;LR;Liberia;;Vai;LR;;Vai (Vai)_Liberia;;
ve;Venda;Venda;ve;Venda;;;;;;;;;Venda;Venda_South Africa;1252
ve-ZA;Venda (South Africa);Venda;ve;Venda;;South Africa;ZA;South Africa;;;ZA;;Venda_South Africa;Venda_South Africa;1252
vi;Vietnamese;Vietnamese;vi;Vietnamese;;;;;;;;;Vietnamese;Vietnamese_Vietnam;1258
vi-VN;Vietnamese (Vietnam);Vietnamese;vi;Vietnamese;;Vietnam;VN;Viet Nam;1;;VN;;Vietnamese_Vietnam;Vietnamese_Vietnam;1258
vo;Volapв”ңГўв”¬в•қk;Volapв”ңГўв”¬в•қk;vo;Volapuk;1;;;;;;;;Volapв”ңГўв”¬в•қk;;
vo-001;Volapв”ңГўв”¬в•қk (World);Volapв”ңГўв”¬в•қk;vo;Volapuk;1;World;1;;1;;1;;Volapв”ңГўв”¬в•қk_World;;
vun;Vunjo;Vunjo;vun;Vunjo;;;;;;;;;Vunjo;;
vun-TZ;Vunjo (Tanzania);Vunjo;vun;Vunjo;;Tanzania;TZ;Tanzania, the United Republic of;1;;TZ;;Vunjo_Tanzania;;
wae;Walser;Walser;wae;Walser;;;;;;;;;Walser;;
wae-CH;Walser (Switzerland);Walser;wae;Walser;;Switzerland;CH;Switzerland;;;CH;;Walser_Switzerland;;
wal;Wolaytta;Wolaytta;wal;Wolaytta;;;;;;;;;Wolaytta;;
wal-ET;Wolaytta (Ethiopia);Wolaytta;wal;Wolaytta;;Ethiopia;ET;Ethiopia;;;ET;;Wolaytta_Ethiopia;;
wo;Wolof;Wolof;wo;Wolof;;;;;;;;;Wolof;Wolof_Senegal;1252
wo-SN;Wolof (Senegal);Wolof;wo;Wolof;;Senegal;SN;Senegal;;;SN;;Wolof_Senegal;Wolof_Senegal;1252
xh;isiXhosa;isiXhosa;xh;Xhosa;1;;;;;;;;isiXhosa;isiXhosa_South Africa;1252
xh-ZA;isiXhosa (South Africa);isiXhosa;xh;Xhosa;1;South Africa;ZA;South Africa;;;ZA;;isiXhosa_South Africa;isiXhosa_South Africa;1252
xog;Soga;Soga;xog;Soga;;;;;;;;;Soga;;
xog-UG;Soga (Uganda);Soga;xog;Soga;;Uganda;UG;Uganda;;;UG;;Soga_Uganda;;
yav;Yangben;Yangben;yav;Yangben;;;;;;;;;Yangben;;
yav-CM;Yangben (Cameroon);Yangben;yav;Yangben;;Cameroon;CM;Cameroon;;;CM;;Yangben_Cameroon;;
yi;Yiddish;Yiddish;yi;Yiddish;;;;;;;;;Yiddish;Yiddish_World;1252
yi-001;Yiddish (World);Yiddish;yi;Yiddish;;World;1;;1;;1;;Yiddish_World;Yiddish_World;1252
yo;Yoruba;Yoruba;yo;Yoruba;;;;;;;;;Yoruba;Yoruba_Nigeria;1252
yo-BJ;Yoruba (Benin);Yoruba;yo;Yoruba;;Benin;BJ;Benin;;;BJ;;Yoruba_Benin;;
yo-NG;Yoruba (Nigeria);Yoruba;yo;Yoruba;;Nigeria;NG;Nigeria;;;NG;;Yoruba_Nigeria;Yoruba_Nigeria;1252
zgh;Standard Moroccan Tamazight;Standard Moroccan Tamazight;zgh;Standard Moroccan Tamazight;;;;;;;;;Standard Moroccan Tamazight;;
zgh-MA;Standard Moroccan Tamazight (Morocco);Standard Moroccan Tamazight;zgh;Standard Moroccan Tamazight;;Morocco;MA;Morocco;;;MA;;Standard Moroccan Tamazight_Morocco;;
zh;Chinese;Chinese;zh;Chinese;;;;;;;;;Chinese;Chinese (Simplified)_China;936
zh-Hans;Chinese (Simplified);Chinese;zh;Chinese;;;;;;Simplified;;;Chinese (Simplified);Chinese (Simplified)_China;936
zh-Hans-CN;Chinese (Simplified, China);Chinese;zh;Chinese;;China;CN;China;;Simplified;CN;;Chinese (Simplified)_China;Chinese (Simplified)_China;936
zh-Hans-HK;Chinese (Simplified, Hong Kong SAR);Chinese;zh;Chinese;;Hong Kong SAR;HK;Hong Kong;1;Simplified;HK;;Chinese (Simplified)_Hong Kong SAR;Chinese (Simplified)_Hong Kong SAR;950
zh-Hans-MO;Chinese (Simplified, Macao SAR);Chinese;zh;Chinese;;Macao SAR;MO;Macao;1;Simplified;MO;;Chinese (Simplified)_Macao SAR;Chinese (Simplified)_Macao SAR;950
zh-Hans-SG;Chinese (Simplified, Singapore);Chinese;zh;Chinese;;Singapore;SG;Singapore;;Simplified;SG;;Chinese (Simplified)_Singapore;Chinese (Simplified)_Singapore;936
zh-Hant;Chinese (Traditional);Chinese;zh;Chinese;;;;;;Traditional;;;Chinese (Traditional);Chinese (Traditional)_Hong Kong SAR;950
zh-Hant-HK;Chinese (Traditional, Hong Kong SAR);Chinese;zh;Chinese;;Hong Kong SAR;HK;Hong Kong;1;Traditional;HK;;Chinese (Traditional)_Hong Kong SAR;Chinese (Traditional)_Hong Kong SAR;950
zh-Hant-MO;Chinese (Traditional, Macao SAR);Chinese;zh;Chinese;;Macao SAR;MO;Macao;1;Traditional;MO;;Chinese (Traditional)_Macao SAR;Chinese (Traditional)_Macao SAR;950
zh-Hant-TW;Chinese (Traditional, Taiwan);Chinese;zh;Chinese;;Taiwan;TW;Taiwan (Province of China);1;Traditional;TW;;Chinese (Traditional)_Taiwan;Chinese (Traditional)_Taiwan;950
zu;isiZulu;isiZulu;zu;Zulu;1;;;;;;;;isiZulu;isiZulu_South Africa;1252
zu-ZA;isiZulu (South Africa);isiZulu;zu;Zulu;1;South Africa;ZA;South Africa;;;ZA;;isiZulu_South Africa;isiZulu_South Africa;1252
